listing_id,avg_sentiment
40625,0.48280544877052306
51287,0.5988336622714996
109679,0.4973151832818985
114505,0.4367490649223328
169672,0.9031262934207916
169752,0.5711184740066528
171835,0.8307757377624512
172530,0.9180517226457596
173375,0.5932646036148072
197787,0.9247371852397919
197796,-0.9932695031166077
197809,0.49017392098903656
197831,0.9576386213302612
197842,-0.8636718591054281
197852,0.9997055530548096
197857,0.5044660717248917
197859,0.8743385672569275
197865,-0.9223938584327698
197870,0.496242493391037
203691,0.8022023379802704
203707,0.15988866686820985
210780,0.18077680170536042
216214,0.35082663893699645
229535,0.5362873345613479
234613,-0.17228824496269227
235805,0.6403623044490814
242287,0.2455911308526993
244032,0.7350411057472229
244521,0.5843594491481781
247290,0.07675229907035827
247879,0.7908042788505554
251790,0.5812889277935028
252052,0.6384878367185592
263788,0.567766797542572
264707,-0.18588151931762695
265300,0.8827164262533188
271754,0.7183594018220901
271872,0.9879966080188751
272589,0.5690075233578682
291635,0.6378795117139816
293667,0.5923510730266571
298176,0.08822582960128784
300702,0.5844598352909088
302499,0.40781577229499816
305788,0.7381199270486831
305796,0.6468042463064194
311836,0.5888328969478607
327876,0.5252082169055938
358058,0.6478184163570404
358337,0.63444504737854
375192,0.6101358592510223
392603,0.25504096746444704
392756,0.45591110587120054
392757,0.809564882516861
392905,0.625959861278534
393961,0.7769503623247147
404083,0.5916072219610214
404657,0.6877516150474549
422021,0.600150215625763
422063,0.23857933282852173
429729,0.15306436121463776
429820,-0.013093957304954528
432365,0.9127730816602707
435239,0.44762528538703916
435240,0.43789017796516416
455314,0.584663450717926
461361,0.39496521949768065
468889,0.5492916762828827
481895,0.9695392310619354
482052,0.0237482488155365
488723,0.995057862997055
532596,0.9918625295162201
536895,0.5952873349189758
543409,0.879200491309166
560952,0.5897210896015167
569990,0.33491994937260944
569995,0.9555207192897797
569997,0.9943462014198303
573333,0.9969613313674927
576960,0.2860092133283615
600477,0.7883502244949341
610592,0.41648409366607664
615011,0.9926101207733155
627455,0.9387861967086792
638309,-0.16628630161285402
669898,0.5733386397361755
690832,0.7376614570617676
701962,0.3520253628492355
708972,0.5783601462841034
751185,0.5986579358577728
758811,0.43806369602680206
763157,0.7422513127326965
779815,0.9962689816951752
799342,0.8781311541795731
813826,0.5174549094268254
833475,0.939285159111023
835397,0.5214453011751174
835545,0.5883269727230072
846009,0.40894131660461425
846107,0.602020263671875
849480,0.39767775535583494
855282,0.5963096857070923
879228,0.39793254137039186
892831,0.7489362716674804
900074,0.7024768888950348
908106,0.7340286791324615
918893,-0.19049983620643615
925419,0.7695607960224151
928729,0.6769287407398223
933256,0.804176288843155
936577,0.7282104164361953
949820,0.46615202724933624
956500,0.9739866435527802
957049,0.9960188806056977
965424,0.9970421940088272
975319,0.21442151367664336
979620,0.79775071144104
980127,0.9687068343162537
983570,0.7567622601985932
996137,0.7602383315563201
999677,0.45854988396167756
999784,-0.057622474431991574
1001143,0.9887198805809021
1025773,0.9971391260623932
1027443,0.6326855182647705
1043989,0.9971802413463593
1076416,0.6011686682701111
1080082,0.024442195892333984
1100309,0.3902565985918045
1102078,0.9458562910556794
1102740,0.4462086132594517
1102842,0.41231694221496584
1103523,0.7989120543003082
1108128,-0.3032439470291138
1108187,0.38360719084739686
1108213,0.5180159002542496
1112576,0.5628662407398224
1112590,0.41609677076339724
1117166,0.6595939129590989
1149397,0.4489156693220139
1162934,0.40316280722618103
1177895,0.8144694209098816
1184609,0.15794442296028138
1196433,0.5632117629051209
1203138,0.4467854142189026
1205020,0.7227929443120956
1207680,0.9768267969290415
1221660,0.6819357573986053
1278595,0.712262311577797
1310070,0.7662961661815644
1353221,0.9860310614109039
1384870,0.809759932756424
1398991,0.4481247901916504
1419825,0.22136988639831542
1424685,0.767628413438797
1439745,-0.37465524673461914
1447621,0.7847081542015075
1458220,0.5801622629165649
1485882,0.24987297058105468
1492911,0.9973056137561798
1502484,0.5298145681619644
1522234,0.8638099610805512
1527776,-0.031247642636299134
1534311,0.9770312011241913
1545792,0.6815365552902222
1545804,0.604514229297638
1545867,0.7992146193981171
1563521,0.4392411368233817
1589630,0.795166289806366
1589958,0.198134383559227
1590223,0.5556757599115372
1590293,0.2757874816656113
1592381,0.054184019565582275
1596820,0.5802521049976349
1597023,0.3949099987745285
1626782,0.9088840365409852
1640285,0.9954854846000671
1648508,0.6661376357078552
1650899,0.2805453807115555
1671757,0.9616072654724122
1680603,0.368955135345459
1680727,0.9667417109012604
1701909,0.9831539273262024
1713050,0.9904431700706482
1740918,0.3885016620159149
1743959,0.2962188223997752
1744787,0.9885791957378387
1754046,0.975148606300354
1779274,0.5972059726715088
1788122,0.7222043514251709
1860535,0.993850976228714
1870737,0.6129565238952637
1899635,-0.4624968096613884
1908959,0.8192616045475006
1912806,0.7487129509449005
1915927,0.7992788851261139
1920647,0.012986886501312255
1920691,0.6149773597717285
1929544,0.9786695003509521
1940544,0.11458584997389051
1940695,-0.02406643033027649
1940757,0.29107533395290375
1940815,0.628128045797348
1941968,0.6777545034885406
1942710,0.4496769905090332
1951612,0.7526188582181931
1952847,0.6418369144201279
1976273,0.9865441620349884
1976782,0.9921784460544586
1978593,0.45124589204788207
1980594,0.8004954814910888
1983185,0.9388549983501434
2002221,0.5185450613498688
2009997,0.8057687938213348
2023633,0.5871308386325836
2031034,0.4147198796272278
2031849,0.5044159054756164
2032049,0.7568054795265198
2034889,0.6641812821229299
2037261,0.27016409635543825
2038172,0.6324543595314026
2048131,0.7983612000942231
2086664,0.9970675647258759
2091157,0.5511670410633087
2099387,0.5643598198890686
2104543,0.7989995419979096
2113795,0.978810328245163
2129232,0.6670266509056091
2156945,0.4624753534793854
2161505,0.15181994438171387
2165047,0.8255834221839905
2173853,0.23566729724407195
2193753,0.37488155364990233
2213264,0.7834718286991119
2235750,0.23657020926475525
2238022,0.37360690236091615
2261797,0.19927898645401002
2300488,-0.035306313633918764
2303912,0.565561306476593
2342979,0.1357005089521408
2353681,0.20694657564163207
2355798,0.6150464415550232
2358738,0.5979677677154541
2359504,0.4989121615886688
2372166,0.9928759276866913
2428463,-0.16543254256248474
2443961,0.4874481499195099
2471583,0.6389850884675979
2518740,0.7834600120782852
2530556,0.3274544358253479
2533408,0.7876234948635101
2535167,0.9647314369678497
2543698,0.6948036074638366
2643245,0.6621650367975235
2652183,0.7938947677612305
2676006,0.04955666065216065
2705249,0.39959056973457335
2706311,0.2009698897600174
2722894,0.9862134754657745
2726645,0.7132548540830612
2731639,0.6143722712993622
2750261,0.6210054993629456
2752155,0.7958549559116364
2755078,0.40310812592506406
2756434,0.9794784784317017
2771093,0.9485977068543434
2777516,0.8994814783334732
2779708,0.695630407333374
2784168,0.4868955373764038
2786318,0.2121134102344513
2797880,0.9426483541727066
2827449,0.9973066329956055
2842698,0.9633217751979828
2861127,0.3896480232477188
2874213,0.4167643666267395
2877830,0.5963808059692383
2878742,0.20431869626045226
2924491,0.8014534294605256
2927983,0.8056000888347625
2932356,0.5118395179510117
2965457,0.5994931101799011
2977161,0.0007409453392028809
2982047,0.43674665316939354
3027183,0.40856254696846006
3051323,0.3444570541381836
3077554,0.7876118957996369
3082172,0.5782747507095337
3158751,0.38128415048122405
3159902,0.997659546136856
3160115,0.5893643915653228
3165045,0.7939521908760071
3209811,0.9915389716625214
3218749,0.46575271189212797
3223934,-0.04343045949935913
3230325,0.5390163421630859
3253640,0.7973150134086608
3295152,0.6082636177539825
3299666,0.4073460757732391
3312890,0.5780639708042145
3323005,0.6375336289405823
3347662,0.5154312402009964
3353287,0.5916511952877045
3363450,0.6459555357694626
3370087,0.40921170711517335
3385298,0.6585478365421296
3398700,0.6177883863449096
3399679,0.8220652163028717
3400877,0.5692826062440872
3400964,0.800935047864914
3412560,0.8977566421031952
3431677,0.6842518746852875
3470887,0.8137710690498352
3471003,0.9403734703858694
3483999,0.49460253715515134
3509814,0.3906406819820404
3517738,0.7879671156406403
3626346,0.764267909526825
3669471,0.8131624639034272
3703081,-0.4421153962612152
3714942,0.6137054204940796
3717667,0.9974092185497284
3721786,0.5624061435461044
3738302,0.8031120419502258
3777062,0.40249226093292234
3862719,0.02636536955833435
3862737,0.045852355659008026
3871678,0.4303554266691208
3888674,0.6895415663719178
3923762,0.7364676892757416
3955750,0.9983271360397339
3976317,0.9023740619421006
3981440,0.9059363752603531
3993580,-0.8294675350189209
4050599,0.5821365356445313
4065592,0.1350889503955841
4067618,0.3995398819446564
4083357,0.614104300737381
4099119,-0.9908195734024048
4102585,0.7786561131477356
4150687,0.8324621737003326
4161185,0.4120432138442993
4181551,0.4813439607620239
4193402,0.5860532283782959
4196655,0.9769214987754822
4214072,0.5914214491844177
4232567,0.6363172948360443
4266592,0.06470933258533478
4274563,0.6019690930843353
4315543,0.5709721863269805
4345371,0.9960823655128479
4345398,0.9981902241706848
4357946,0.4586514621973038
4364493,0.5590013444423676
4413284,0.9948468387126923
4430134,0.7807544738054275
4431063,0.9931541323661804
4480330,0.9679007828235626
4508116,0.4529981791973114
4508368,0.9977258046468099
4521181,0.7954076886177063
4574802,0.4182779788970947
4610053,0.9586901068687439
4610269,0.8075390160083771
4617790,-0.10631027817726135
4625663,0.6368536680936814
4627954,0.8176390588283539
4638343,0.8580698281526565
4670556,0.7956554114818573
4676803,0.8002204120159149
4678911,0.3892044425010681
4682516,0.9643875479698181
4699505,0.6169522166252136
4699750,0.5781807124614715
4711817,0.6337200105190277
4725031,0.5981364846229553
4730954,0.9966746767361959
4736567,0.7938498735427857
4751937,0.8967079043388366
4752559,0.5247468948364258
4758954,0.807546192407608
4763624,0.999457061290741
4789547,0.9899185121059417
4816291,0.4868018925189972
4828010,0.8025545954704285
4847275,0.7737802624702453
4876670,0.5165979832410812
4893888,0.30938388109207154
4964929,0.598601084947586
4970887,0.793695044517517
4984196,0.6023348987102508
5020681,0.5576603770256042
5074517,0.2080636203289032
5109180,0.7821278393268585
5113916,0.705669441819191
5123038,0.9975978374481201
5152386,0.7747053444385529
5169106,0.8214866280555725
5173364,0.6052841544151306
5181680,0.6426101803779602
5182892,0.9607202768325805
5198217,0.9908130526542663
5203636,0.9374296486377716
5207694,0.6932331293821334
5214686,0.4311534821987152
5265730,0.5905952036380768
5283249,0.36072109937667846
5304544,0.9857595443725586
5358412,0.4199621558189392
5379217,0.5472262620925903
5488396,0.7792808502912522
5516784,0.3957454800605774
5518562,0.33660340309143066
5519116,-0.9765410125255585
5519459,-0.9764471054077148
5519742,0.7062000069353316
5520101,0.30792025476694107
5524642,0.5683771133422851
5556098,0.6417679607868194
5558843,0.0933561384677887
5564838,0.6789015471935272
5567680,0.9686985373497009
5585151,0.19804408252239228
5627264,0.6493693381547928
5634786,0.9990640878677368
5667915,0.28151267021894455
5668978,0.6758040070533753
5688897,0.30661883354187014
5711361,0.8616861402988434
5734665,0.6864258229732514
5737922,0.30184346437454224
5779942,0.9885358095169068
5780355,0.6466692149639129
5789107,0.99273841381073
5797385,0.20404622554779053
5797856,0.4618752419948578
5797910,0.9886338293552399
5797936,0.7404389619827271
5798301,0.8633043080568313
5811618,0.658880639076233
5835467,0.5797121495008468
5891502,0.5999100983142853
5921565,0.7977578520774842
5931692,0.5956993997097015
5932202,0.39817447066307066
5963178,0.9957976341247559
5988422,0.6083561241626739
6017236,0.5943811297416687
6027634,0.836637282371521
6047326,0.6710285345713297
6052321,0.6632647573947906
6065050,0.2487788140773773
6065102,0.4543088177839915
6076016,0.5567894786596298
6082758,0.8579016268253327
6089254,0.17147727608680724
6103845,0.7265376806259155
6142704,0.39772956967353823
6163350,0.7412688225507736
6178606,0.588250333070755
6263845,0.4963800996541977
6273560,0.9913405709796481
6281548,0.5749079585075378
6293327,0.6066389441490173
6353506,0.5145492672920227
6360051,0.4009038686752319
6365445,0.6168288290500641
6366924,0.5791597485542297
6367089,0.05142780840396881
6388305,0.9197600364685059
6407411,0.9511451363563538
6449725,0.6069433569908143
6454444,0.787780374288559
6524701,0.9401706218719482
6535372,0.49359508156776427
6550438,-0.41750146746635436
6622863,0.6204526007175446
6633948,0.2654015779495239
6691046,0.6144654393196106
6725168,0.6854728072881698
6733817,0.7185020357370376
6738790,0.9907272517681122
6747468,0.4282737970352173
6751900,0.9919745624065399
6803067,0.963173508644104
6879448,0.9997830986976624
6934835,0.9809926927089692
6982860,-0.20285811026891074
6985248,0.8200827658176422
7008709,0.7997461259365082
7040965,0.9786235570907593
7068538,0.40258948802947997
7098733,0.6211615294218064
7100755,0.7883575439453125
7155637,0.9092316597700119
7168854,0.8020425915718079
7208002,0.19321761131286622
7267844,0.7892995595932006
7269170,0.6771686345338821
7273656,0.8020295798778534
7434156,0.7019385635852814
7447457,0.7857193410396576
7466392,0.3363705674807231
7478619,0.6957462012767792
7544006,0.9626457452774048
7592770,0.7527716815471649
7624603,0.8028039693832397
7689417,0.9914873242378235
7708925,0.987612509727478
7725962,0.9455577522516251
7746291,0.4541911393404007
7766437,0.794566810131073
7799846,0.3184771090745926
7804162,0.9974222779273987
7866628,0.5129016011953353
7867213,0.5503128230571747
7867352,0.7958508193492889
7869686,0.7748952805995941
7906282,0.34504544734954834
7910763,0.9919821679592132
7939820,0.11150332689285278
7939884,-0.27345628291368484
7962637,0.5997576594352723
7990947,0.4180473923683167
8007025,0.7954287111759186
8009008,0.6270340979099274
8049046,0.9934128522872925
8074675,0.6326555669307709
8160911,0.9929986119270324
8196749,0.6564227521419526
8259849,0.9995114207267761
8290097,0.8148937880992889
8290102,0.7186874032020569
8360679,0.467789489030838
8363376,0.9341684520244599
8394367,0.9460907638072967
8402629,0.9103717846529824
8730033,0.7164974138140678
8730354,0.5307707369327546
8754163,0.5522556275129318
8802295,0.7081346333026886
8823462,0.39015554785728457
8855428,0.5851557731628418
8859632,0.11623671054840087
8879912,0.7993333339691162
8898822,0.09924136698246003
8901427,0.7753043591976165
8913044,0.10930075645446777
8913423,-0.09384511709213257
8927127,0.3999334216117859
9009055,0.5050675511360169
9018005,0.8305698871612549
9029612,0.8180988907814026
9044211,0.3966266453266144
9108744,0.2960348606109619
9158166,0.9918094396591186
9172502,0.23796742558479309
9179406,0.8763245642185211
9184169,0.9899432003498078
9198244,0.7809277772903442
9206009,-0.1813983976840973
9212595,0.9978665888309479
9223114,0.6172556400299072
9270213,0.7567484617233277
9304574,0.5844567716121674
9306996,0.3503939926624298
9308262,0.38333095908164977
9308841,0.1506904751062393
9354955,0.4049601137638092
9355588,0.2819678604602814
9356987,0.35430441583905903
9357136,0.06091219186782837
9357392,0.5015709325671196
9396589,0.9986102998256683
9428661,0.39896289110183714
9527992,0.9936280727386475
9627439,0.6743347316980361
9642232,0.7045179784297944
9690688,0.8953949034214019
9726752,0.6621089478333791
9753169,0.9990350842475891
9776869,0.24901628494262695
9890220,0.7453673005104064
9892363,0.39987159967422486
9902936,0.7938470363616943
9952616,0.4613755583763123
9984317,0.9957334458827972
10044893,0.9172928720712662
10055961,0.4405136674642563
10056053,0.35907951593399046
10079374,0.8121520578861237
10083157,0.23304975032806396
10099797,0.6325167715549469
10111820,0.6392985463142395
10130509,0.4159058094024658
10130801,0.6134436130523682
10133203,0.33525389432907104
10175340,0.9619415700435638
10201545,0.7830969750881195
10273846,0.5104420125484467
10278737,0.16007879376411438
10326326,0.9903169095516204
10326834,0.9949160873889923
10534065,0.41909592747688296
10562237,0.3554712136586507
10562571,-0.9405721426010132
10566266,0.7889834821224213
10578867,0.02300041913986206
10579006,0.04394263029098511
10579326,0.2818652465939522
10579975,0.9971199631690979
10580421,-0.9720836877822876
10580513,0.9685901045799256
10580883,0.012073218822479248
10581007,0.027063705027103424
10581135,-0.5116458088159561
10581262,-0.2950958212216695
10608778,0.7144612848758698
10623784,0.7640822261571885
10737249,0.8684564173221588
10758645,0.7262063026428223
10759835,0.6892717778682709
10820567,0.5408058822154999
10868952,0.9031586855649948
10915114,0.09430770576000214
11038645,0.6667784571647644
11073495,0.9893298387527466
11135682,0.3089072346687317
11172674,0.6948170810937881
11182661,0.8829139053821564
11182666,0.7936152040958404
11240274,0.9771837592124939
11285231,0.994529664516449
11323542,0.9638017117977142
11344759,0.7954430997371673
11366423,0.7982863426208496
11393754,0.8512896090745926
11425264,0.4007648825645447
11436722,0.7858114898204803
11540752,0.41572248935699463
11549531,0.995384007692337
11549546,0.7987990260124207
11596401,0.9957227110862732
11597094,0.17801334261894225
11597437,0.22230228781700134
11607586,0.8358758866786957
11651388,0.9974231123924255
11654647,0.7859719038009644
11654754,0.4588929831981659
11670759,0.7423557043075562
11818879,0.44341827630996705
11820112,-0.05885001023610433
11823429,0.6982089340686798
11906493,0.785995888710022
11933536,0.803227573633194
11938665,0.6216055035591126
11966749,0.9973772168159485
11996563,0.5975376605987549
12030625,0.7403562307357788
12057432,0.7989677369594574
12073863,0.8447601616382598
12087300,0.19641031324863434
12087695,0.21199123561382294
12087993,0.06374858915805817
12088152,0.8929088592529297
12088370,-0.36413512958420646
12106207,0.811673378944397
12139553,0.5826382666826249
12168725,0.8775796949863434
12203888,0.767122533917427
12236205,0.5592010766267776
12243513,0.6075982749462128
12299401,-0.12085537314414978
12299766,-0.18927110433578492
12300895,0.33724976181983946
12376167,0.7990754306316376
12395774,0.18414000421762466
12416850,0.162888240814209
12423301,0.44849105179309845
12439548,0.9795538425445557
12443990,0.7888638164315905
12447536,0.5930688261985779
12482390,0.7845837831497192
12487875,0.994920015335083
12517473,0.4520586669445038
12518039,0.8642341047525406
12530326,0.7416998475790024
12539201,0.24690037369728088
12556193,0.8247652451197306
12576800,0.9687823474407196
12589340,0.8308872103691101
12619379,0.9960680186748505
12624714,0.7897109031677246
12635237,0.7304752469062805
12708246,0.7660412549972534
12749286,0.537690544128418
12789432,0.5180924028158188
12801466,0.8892473965883255
12810497,0.6386710107326508
12823455,0.4069535434246063
12827620,0.8059800505638123
12888464,0.0009017705917358399
12922563,0.8114570558071137
12937850,0.4261683702468872
12938216,-0.9196973443031311
12960466,0.6911194384098053
12966943,0.3905398905277252
13017399,0.24403210282325744
13021822,0.7979421973228454
13051283,0.7531238675117493
13151474,0.9901315450668335
13176931,0.2335350453853607
13180511,0.5997343361377716
13197084,0.9969665467739105
13229775,0.3677990502781338
13248406,0.9801895797252655
13286499,0.706537202000618
13321155,0.5864259302616119
13323597,0.5817735373973847
13333567,0.9987121820449829
13345404,0.5940279185771942
13402108,0.20566895604133606
13402481,0.7218965619802475
13403962,-0.6183619618415832
13420323,0.7999635517597199
13423104,0.9908746242523193
13424232,0.6522172778844834
13424929,0.9779394626617431
13425552,0.99329953789711
13439320,0.7815962553024292
13439894,0.49560497105121615
13440351,-0.006803405284881592
13441640,0.6315576493740082
13442015,0.9369147628545761
13442518,0.9453100740909577
13443357,0.9835536539554596
13444121,0.31646194458007815
13454321,0.7991010308265686
13454877,0.2590798676013947
13465011,0.8988747000694275
13517806,0.1673276960849762
13518402,0.8682500004768372
13519141,0.7791481196880341
13519480,0.41126324733098346
13536641,0.5990350484848023
13536700,0.23336078524589537
13561982,0.8791426807641983
13587534,0.3985468626022339
13632665,0.7730217516422272
13662834,-0.09245876669883728
13667582,0.11752881407737732
13705334,0.9959757506847382
13712472,-0.9933725297451019
13779037,0.7986045479774475
13832965,0.7171450287103653
13835589,0.2629219859838486
13869388,0.6762922585010529
13889294,0.5711094081401825
13892954,0.7724927544593811
13922541,0.7725527703762054
13929950,0.7926745116710663
13947809,0.8336980700492859
13963771,0.7986460447311401
14039931,0.7932903051376343
14054142,0.7749723494052887
14096662,0.8257808089256287
14116151,0.7084295868873596
14132380,0.8629169970750808
14173294,-0.045739012956619265
14289992,0.6064071774482727
14290213,0.52194784283638
14290255,0.40641083717346194
14293549,-0.003402376174926758
14309490,0.800857150554657
14310139,0.4755401462316513
14317486,0.9796887814998627
14338955,0.9178105473518372
14418172,0.9675960123538971
14446095,0.568138599395752
14466365,0.7957282841205597
14534430,0.17960822582244873
14599236,0.40601466298103334
14621711,0.9937655925750732
14623006,0.39400169253349304
14634400,0.4409727931022644
14652410,0.6479775190353394
14656697,0.66287801861763
14679881,0.995741049448649
14680258,0.36330745816230775
14701367,0.5875702917575836
14722754,0.9886942744255066
14726391,0.9324141025543213
14756317,0.6016524255275726
14757046,0.6071428894996643
14778125,0.7927068769931793
14780836,0.21548006534576417
14811691,0.3354150205850601
14814267,0.2260388806462288
14815673,0.9599267959594726
14835099,0.7157675921916962
14837473,0.5631985306739807
14852559,0.9938616991043091
14875054,0.9943451702594757
14881983,0.5997737050056458
14941936,0.3783758103847504
14953662,0.606309923529625
14977690,0.38737459778785704
15014184,0.80375537276268
15015270,0.8148281157016755
15017130,0.2824014574289322
15033991,0.40350922048091886
15062526,0.32633776366710665
15072924,-0.0012228190898895264
15139829,0.24109918177127837
15171934,0.4156865291297436
15187099,0.3755886495113373
15202151,0.790698117017746
15214956,0.9899027347564697
15228071,-0.044833242893218994
15243998,0.8543750047683716
15244204,0.9856360495090485
15262397,0.36997437477111816
15277993,0.6717056155204773
15279015,0.9893706202507019
15349690,-0.09365018606185913
15366323,0.9419667720794678
15376829,0.2141048491001129
15380746,0.5595908343791962
15388741,0.47443194389343263
15432540,0.6442782998085022
15450121,0.7255271871884664
15502504,0.7848352551460266
15533110,0.605120700597763
15574763,0.8020635724067688
15579273,0.9977486610412598
15593980,0.4143689930438995
15631802,0.9886768579483032
15632276,0.9979360818862915
15637021,0.8837592095136643
15669073,0.6366280674934387
15674732,0.5984787285327912
15676177,0.5766308903694153
15709168,0.8570319890975953
15711354,0.9981779634952546
15715233,0.6101855874061585
15737125,0.46722924411296846
15839225,0.8080137312412262
15847393,0.2690975844860077
15871850,0.6585065394639968
15887382,0.6856677263975144
15894273,0.877855184674263
15932774,0.3209662765264511
15945455,0.2324448525905609
15955515,0.9404270797967911
15963200,0.7598536610603333
15979817,-0.4140752017498016
16059527,0.7662941008806229
16077029,0.42284253239631653
16080708,0.7675554275512695
16094572,0.9873274564743042
16116221,0.8034695148468017
16116394,-0.44988875091075897
16118359,0.5165205299854279
16119193,0.9963219091296196
16122215,0.2489335611462593
16143411,0.9865200579166412
16176023,0.8925402984023094
16247213,0.7595486462116241
16247801,0.6079663753509521
16247854,0.5135561168193817
16247903,0.6743185013532639
16247955,0.6762130111455917
16248499,0.45093291997909546
16248623,0.7682880640029908
16248885,0.9693560540676117
16249003,0.9963603317737579
16252365,0.7293699026107788
16263607,0.9921314477920532
16279412,0.7643776595592499
16281180,0.4183275282382965
16331770,0.41659348607063296
16334367,0.2702585193845961
16356909,0.5992395997047424
16362926,0.5741885364055633
16377541,0.08117236495018006
16406162,0.9751225709915161
16423045,0.6002910077571869
16432188,0.3708221945497725
16434154,0.43168007731437685
16490339,0.759794819355011
16490918,0.40571309328079225
16494077,0.9945393204689026
16501749,0.9910067200660706
16515830,0.711938938498497
16574615,0.2744259923696518
16657664,0.7572571694850921
16681518,0.5910867810249328
16685893,0.9851430237293244
16687397,0.5987383127212524
16703877,0.7392343163490296
16705484,0.21091680526733397
16716055,0.9782590687274932
16763525,0.2303908041545323
16828370,-0.9955453276634216
16878104,0.021139907836914062
16889980,0.7765733182430268
16892220,0.2811260223388672
16900035,0.36804345846176145
16901546,0.9749771595001221
16904494,0.170939302444458
16936862,0.9940189838409423
16950797,0.676474180817604
16952110,0.7740963578224183
16971109,0.5972954630851746
17001364,0.08544360399246216
17009844,0.814461088180542
17027004,0.7590735018253326
17029029,0.7685742259025574
17051165,0.6606231451034545
17128762,0.6719767808914184
17147157,0.9924203217029571
17184895,-0.01319061815738678
17187325,0.41484811902046204
17246406,0.051398470997810364
17296955,0.7997564911842346
17311272,0.1446989506483078
17317447,0.5424181699752808
17342234,0.48448548316955564
17344856,0.03987797498703003
17356051,0.7818448066711425
17404887,0.44745328426361086
17405753,0.3951634466648102
17413008,0.4268734991550446
17441279,0.5099759459495544
17453363,0.7044103294610977
17455499,0.774204432964325
17455810,0.7096427232027054
17462624,0.999661922454834
17484681,0.7690188527107239
17493858,0.7231387585401535
17529054,0.5966519713401794
17539003,0.5968119442462921
17566901,0.40728527307510376
17587285,0.16719703674316405
17595660,-0.10846327543258667
17619593,0.9569628179073334
17682080,0.6685178965330124
17692488,0.7667245149612427
17697157,0.9926193356513977
17707210,0.014081853628158569
17740726,0.2602841883897781
17756744,0.9688934087753296
17783291,0.5644383013248444
17783364,0.9993422031402588
17825411,0.6473836004734039
17828662,0.788930457830429
17843592,0.7198984295129776
17884956,0.5034518957138061
17892565,0.5315037369728088
17896118,0.5875421971082687
17967343,0.9883714973926544
17992219,-0.29413101077079773
18012703,0.9667052030563354
18016677,0.7385097742080688
18020932,0.6179000437259674
18026850,0.6399284799893697
18030729,0.6742699623107911
18055667,0.604770839214325
18114761,0.5193397760391235
18118652,0.8247076332569122
18123751,0.27111594676971434
18124556,0.36318257451057434
18129978,0.48191251456737516
18134332,0.019473126530647276
18192563,0.10506922602653504
18211593,0.40663703083992003
18223871,0.6171054065227508
18226284,0.6923570692539215
18236302,0.7243258506059647
18261589,0.0037195980548858643
18277309,0.9886250674724579
18288587,0.5775916337966919
18289961,0.4517340660095215
18309416,0.6013041317462922
18336265,0.7729411005973816
18351015,0.3986309260129929
18436615,0.7340527147054672
18437086,0.22113617658615112
18442989,0.599843567609787
18467266,0.38774083852767943
18480394,0.259394434094429
18524149,0.9195943474769592
18576617,0.5270114719867707
18582219,0.6022072494029999
18609574,0.7986835658550262
18625962,0.9436648607254028
18635964,0.9995161294937134
18643583,0.800991290807724
18677837,0.9919028878211975
18693794,0.40151351094245913
18753306,0.9994789958000183
18762832,0.5769492626190186
18785352,0.8865743547677993
18800691,0.4484407901763916
18855251,0.09271665745311314
18894974,0.7351498574018478
18943731,0.42505509555339815
18946465,0.3956808090209961
18946683,0.3609452247619629
18965485,0.32199724614620207
18976450,0.7946121513843536
18984978,0.9614987174669901
18985956,0.47337666153907776
19004761,0.8679498434066772
19026581,0.6078259408473968
19029470,0.9829856668199811
19032231,0.2534502327442169
19049623,0.9960255920886993
19109587,0.7283416420221329
19129372,-0.9945911169052124
19147346,0.40088424980640414
19174290,0.9962837040424347
19176899,0.6067768335342407
19230048,0.40178731083869934
19256570,0.736146080493927
19280465,0.5663661807775497
19281153,0.9793931007385254
19312904,0.4201099932193756
19321061,0.9806410604053073
19323669,0.6298963785171509
19325580,0.31793556809425355
19375997,0.7040731310844421
19429508,0.9962096810340881
19456564,0.23302817940711976
19463819,0.5043568462133408
19497985,0.9887359499931335
19533006,0.9969720304012298
19567866,0.9964188516139985
19576185,0.6231003999710083
19577996,0.9993155896663666
19615344,0.9908955295880636
19622771,0.607059770822525
19623902,0.7268200784921646
19623948,0.8035334050655365
19646727,0.900797238945961
19650326,0.2441595494747162
19651472,0.9851169884204865
19654846,0.4000704824924469
19676329,0.2000775396823883
19686013,0.5811705380678177
19702032,0.6022385835647583
19728185,0.4056221187114716
19737666,0.39914374947547915
19762277,0.7964430928230286
19775322,0.4089805543422699
19776165,0.8119941115379333
19778670,0.22424532175064088
19796523,0.7940579771995544
19816638,0.9968439936637878
19832240,0.33466491997241976
19850279,0.967978173494339
19885637,0.6017728209495544
19898777,0.95254487991333
19904008,0.9288307547569274
19915206,0.5482425928115845
19920759,0.9527562260627747
19929924,0.0031546413898468017
19937752,0.5635025322437286
19939745,0.9870940089225769
19943028,0.940103542804718
19960479,0.3036158263683319
19975709,0.593065333366394
19976141,0.682707616686821
19990328,0.7990051686763764
20020091,0.9957550823688507
20043956,0.40214524269104
20071246,0.8147721350193023
20081311,0.9796809732913971
20203219,0.9901467561721802
20205923,0.32188046872615816
20206724,0.6912537962198257
20229046,0.9894508719444275
20399133,0.41479498744010923
20432408,0.7855382621288299
20448078,0.5873465120792389
20493437,-0.08525721728801727
20531029,0.26578596234321594
20581621,0.6080079078674316
20582367,0.010160768032073974
20598646,0.46536482870578766
20613426,0.815984970331192
20649090,0.37548125982284547
20676993,0.7828477621078491
20683577,0.9176533281803131
20685314,0.34603174328804015
20717591,0.5783117055892945
20739874,0.39749287366867064
20752467,0.7427759379148483
20756872,0.01677105724811554
20759873,0.3686583012342453
20792920,0.41652913093566896
20793118,0.6909874826669693
20842917,0.7268373280763626
20854119,0.7324476182460785
20860051,0.7243444919586182
20893520,0.6143544435501098
20895234,0.2252400040626526
20912502,0.8105754673480987
20920466,0.7727681696414948
20922234,-0.001427292823791504
20953279,0.348996514081955
20953461,0.6182154059410095
20965287,0.4024547517299652
20968137,0.5829388320446014
20978740,0.4111016809940338
20987922,0.5832527329524358
20989593,0.014978677034378052
21050748,0.5988216817378997
21051314,0.7951942980289459
21052383,0.6050529956817627
21065036,0.5467732310295105
21084168,0.5678160607814788
21116135,0.6022297203540802
21145780,0.08490460813045501
21147556,0.12597782909870148
21159855,0.7926066279411316
21201750,0.47618078291416166
21207700,0.612943834066391
21237698,0.7607337832450867
21239136,0.6586656153202057
21277940,0.9978353321552277
21322613,0.4789395660161972
21336033,0.4953957349061966
21351830,0.9951493918895722
21367178,0.820193213224411
21383356,0.20352792739868164
21389272,0.7321142762899399
21396367,0.03911757469177246
21402247,0.8545602709054947
21409487,0.5875475704669952
21409689,0.7917989432811737
21453316,0.54378182888031
21467089,0.9970180690288544
21508998,0.9811369836330414
21536342,0.6568750888109207
21546107,0.5841689527034759
21560373,0.8004646956920624
21566938,0.15267180502414704
21618644,0.18103891015052795
21625969,0.6391962081193924
21632947,0.9926419258117676
21642325,0.2558342695236206
21644034,0.5870838046073914
21659990,0.6497537910938262
21671006,0.21172595024108887
21678924,0.7075735211372376
21706757,0.4100652992725372
21711999,0.6099267661571502
21762063,0.19347907304763795
21807577,0.3794711709022522
21808987,-0.16280934810638428
21815441,0.9981192052364349
21835313,0.3742505818605423
21835956,0.3930930972099304
21842152,0.7638541102409363
21858253,0.20331221222877502
21858936,0.8771453440189362
21865496,0.8030248701572418
21875162,0.7373312652111054
21904291,0.5918480932712555
21954845,0.4401017606258392
21998454,0.8976574450731277
22003853,0.8091864705085754
22029723,0.9396731436252594
22075825,0.9957409739494324
22150866,0.6431690752506256
22157414,0.9808991730213166
22187309,0.7672443270683289
22223843,0.6273033082485199
22257479,0.9826301336288452
22266111,0.7285743594169617
22293208,0.7034470617771149
22312631,0.26086096465587616
22313703,0.5852717161178589
22319762,0.4958802729845047
22350133,0.7474241733551026
22363944,0.6987477391958237
22367350,0.6770016819238662
22380789,0.5783981561660767
22384103,0.33470337589581806
22418269,0.9816614925861359
22418364,0.2187600314617157
22426047,0.32567802965641024
22428468,0.4043348491191864
22428469,0.6573412418365479
22428691,0.7951946794986725
22428725,0.7907538831233978
22442524,0.43974433541297914
22465162,0.5976653516292572
22472148,0.7954404890537262
22493453,0.9792439103126526
22496146,0.260691836476326
22496540,0.8829773873090744
22496600,0.5944330036640167
22520512,0.5932714462280273
22592133,0.756757652759552
22630659,0.7712574124336242
22652401,0.7319798201322556
22661276,0.6493948757648468
22684249,0.11879272758960724
22694434,0.9627714276313781
22698752,0.5493047863245011
22709668,0.9965439836184183
22726811,0.9654942274093627
22738370,-0.3423322558403015
22765055,0.7963617146015167
22765060,0.6027993440628052
22767097,0.2713938504457474
22768323,0.4840046286582947
22779759,0.7461204111576081
22789015,0.5043629631400108
22808611,-0.18173856139183045
22837430,0.8004744589328766
22854234,0.40011959075927733
22857402,0.989003598690033
22859670,0.9941072762012482
22896596,0.8009275674819947
22904783,0.9903321266174316
22914190,0.8045499473810196
22925518,0.6103273332118988
22935148,0.5616297602653504
22936381,0.39012991786003115
22963271,0.27603302399317425
22968306,0.5413060992956161
22989748,0.21434975862503053
23007177,0.24743226170539856
23049679,0.983184278011322
23071252,0.9997437596321106
23087064,0.5937589655319849
23089315,0.6141285389661789
23156315,0.6844189584255218
23162465,0.990753310918808
23162898,0.6991244077682495
23164799,0.7556828677654266
23189058,0.7602584540843964
23206608,0.27883131057024
23225739,0.8639122009277344
23268694,0.5700575113296509
23269598,0.6060575902462005
23287068,0.5896287858486176
23291672,0.9081920772790909
23298080,0.7571067631244659
23303295,0.44845953583717346
23319810,-0.19984744787216185
23333971,0.18331219553947448
23395913,0.6104188948869705
23412341,0.7238892108201981
23429065,0.6584961712360382
23440817,0.7437182664871216
23458543,0.28254921138286593
23462154,0.7423493921756744
23462756,0.8437969505786895
23465113,0.994358479976654
23479180,0.5723198890686035
23517119,0.745310801267624
23552785,0.9973800778388977
23580926,0.4847458690404892
23584729,0.7951871573925018
23586018,0.9892117844687568
23619619,0.7890052199363708
23644463,0.4182561755180359
23661051,0.09464118778705596
23675232,0.43329591751098634
23676174,0.47246151268482206
23738789,0.32311633229255676
23738864,0.38015260100364684
23782511,0.9747480835233416
23818351,0.4292419284582138
23838930,0.9944831252098083
23838963,0.9948244094848633
23867118,0.4043922573328018
23889055,-0.08622940182685852
23953650,0.8176497459411621
23978430,0.394172739982605
24003487,0.8019877672195435
24094726,0.9874590873718262
24159837,0.7956666827201844
24161983,0.6018952131271362
24177610,0.732262110710144
24182913,0.7828587472438813
24212484,0.36544776558876035
24216106,0.013033068180084229
24216168,0.13625952005386352
24216191,0.4835141450166702
24219935,-0.18628727197647094
24227655,0.4161763727664948
24275200,0.9855511307716369
24295229,0.9806157231330872
24295586,0.21469079256057738
24322638,0.8926123678684235
24340450,0.3341175383991665
24364665,0.10770609974861145
24364956,0.5595491707324982
24367732,-0.7272369861602783
24367994,0.5968152463436127
24370015,0.19668917059898378
24384429,0.46680364608764646
24401703,0.3847843647003174
24426195,0.37924014031887054
24443812,0.4700899809598923
24443832,0.4086635708808899
24451904,0.3167673945426941
24452917,0.30923695862293243
24467560,0.41859889030456543
24469239,0.9879275023937225
24554903,0.7369838863611221
24577510,0.8184963226318359
24602445,0.7995869815349579
24609764,0.994024783372879
24615073,0.5150674641132355
24665402,0.7424154311418534
24712848,0.10638108849525452
24743752,0.4245479702949524
24752439,0.7024238884449006
24752702,0.6302647471427918
24786656,0.4886440336704254
24798789,0.23329399824142455
24804572,0.9757602930068969
24804886,0.45412757396698
24841050,0.29023257195949553
24844966,0.204133540391922
24876207,0.7796992719173431
24925751,0.5229183822870255
24930458,0.7786912620067596
24952435,0.2155640661716461
24977143,0.80122612118721
24980603,0.7287911534309387
25012456,0.16348168551921843
25028082,0.4326013922691345
25032573,0.5949445009231568
25038714,0.7950392544269562
25040531,0.23661899268627168
25053383,0.22826547026634217
25071875,0.7533342093229294
25091757,0.38113396167755126
25093442,0.8289119094610214
25125652,0.8488373517990112
25147376,0.8719595521688461
25199879,0.3949166417121887
25299456,0.9763515412807464
25319830,0.737194362282753
25367172,0.42624728083610536
25394484,0.5289030045270919
25481978,0.5514173954725266
25483539,0.37014018297195433
25501326,0.491292205452919
25543131,0.572426187992096
25583661,0.947844871878624
25699788,0.545498538017273
25764709,0.4107968032360077
25789948,-0.01360851526260376
25831015,0.9813283443450928
25841491,0.3191757665740119
25849296,0.9958247343699137
25849530,0.013194620609283447
25849672,0.7269308641552925
25849704,0.9274669885635376
25849754,0.9995799660682678
25854499,0.09427696764469147
25969261,0.7944433927536011
26077056,-0.6847080439329147
26102779,0.7171079218387604
26149180,-0.1881526917219162
26173181,0.4598824977874756
26179427,0.8598332881927491
26212035,0.3223923941453298
26244442,0.6821141183376312
26270154,0.4049419641494751
26310715,0.993635219335556
26312164,0.44959136843681335
26315407,0.48923611342906953
26318853,0.6434370189905166
26348948,0.9987552165985107
26377105,0.3268890182177226
26410093,0.07782979607582093
26414345,0.6314570307731628
26436767,0.3692055145899455
26490184,0.5610154807567597
26594558,0.7650643467903138
26612759,0.7249567210674286
26653309,0.3374673475821813
26776897,0.5483427226543427
26782887,0.6216686189174652
26833704,-0.09150240421295167
26852689,0.592690247297287
26917617,0.9513341546058655
26920509,-0.1883313000202179
26920916,-0.030866900086402894
27024868,0.6651699900627136
27055352,0.07335458993911743
27132898,0.1964115450779597
27149779,0.974985009431839
27184647,0.8039940655231476
27192927,0.998419314622879
27232267,-0.09850728511810303
27238110,0.8011529922485352
27242206,0.2148774027824402
27254106,0.7147720396518707
27257433,0.4284079372882843
27269930,0.7947108030319214
27282963,0.4553716629743576
27287331,-0.03588832914829254
27288157,0.05477017164230347
27318442,0.3171962171792984
27324814,0.5979568421840668
27336819,0.990757155418396
27383101,0.45761440992355346
27419063,0.09347547590732574
27478015,0.6035735905170441
27513648,0.500394657254219
27523980,0.23127009272575377
27525753,0.8005989909172058
27533896,0.7163065910339356
27539439,0.5744273632764816
27566011,0.03951026201248169
27566072,0.9525629580020905
27566642,-0.9941985011100769
27575341,0.9975830495357514
27587950,0.9643878757953643
27607917,0.7050549924373627
27633672,0.8132056653499603
27655122,0.043605297803878784
27666747,0.354026517697743
27675773,-0.965831458568573
27694485,0.6270117878913879
27700853,0.6427274882793427
27738786,0.6302722573280335
27780239,0.5935310542583465
27781768,0.998011565208435
27794096,0.4846277783314387
27803183,0.9708820382754008
27841233,0.34701303839683534
27847338,0.5961020410060882
27849220,0.013735629618167877
28019007,0.012605983018875121
28019410,0.19341617822647095
28025021,0.224276202917099
28025153,0.19784913659095765
28028098,0.576681238412857
28040371,0.42474578619003295
28041819,0.6195484519004821
28043028,0.795587170124054
28068015,0.985194456577301
28088202,0.5916464626789093
28091625,0.24065276384353637
28102950,0.5679760336875915
28106008,0.46514369249343873
28167598,0.9545798897743225
28220447,0.9644725859165192
28222195,0.9871039390563965
28223303,0.998302161693573
28238265,0.55233393907547
28242510,0.9666649997234344
28269415,0.7206089079380036
28322845,0.4305818766355515
28323547,0.7604965925216675
28324265,0.01233748197555542
28328072,0.6468111276626587
28408460,0.996544361114502
28481677,0.9975792169570923
28482047,0.9993064403533936
28482061,0.7820720970630646
28482080,0.36066908836364747
28490574,0.6498325824737549
28506638,0.4149043172597885
28533264,0.9970915079116821
28541454,0.6344150602817535
28562931,0.815674677491188
28592678,0.13867215514183046
28625327,0.6026609480381012
28693122,0.5727256059646606
28727843,0.7986933350563049
28774994,0.13901193737983703
28825622,0.8005982577800751
28855459,0.13053270280361176
28901771,0.9959567725658417
28902185,0.5120751470327377
28923171,0.9851005911827088
28946359,0.7214687556028366
28970570,0.7198910236358642
28981547,0.5794780552387238
29021123,0.6856373339891434
29053481,0.9086054891347886
29058813,0.7222837418317795
29152166,0.60648432970047
29154942,0.43941977620124817
29227633,0.7648456931114197
29244175,0.3732482095559438
29249926,0.9931021809577942
29306796,0.7255662441253662
29309635,0.43911269307136536
29354109,0.8102694988250733
29376684,0.5685380220413208
29380588,0.1768350601196289
29421977,-0.5204970896244049
29422085,0.27603937685489655
29430352,0.048454922437667844
29433005,-0.11282030940055847
29433087,0.3840401142835617
29442233,0.8330747663974762
29557436,0.7852861106395721
29624529,0.518353083729744
29667584,-0.264464408159256
29691904,0.20852224826812743
29735771,0.9829086780548095
29745848,0.5392821162939072
29751838,0.8006141126155853
29754004,0.09060081243515014
29789435,0.48563492596149443
29793508,0.4046152949333191
29793800,0.4121993839740753
29795528,0.858607941865921
29852202,0.9959642827510834
29897778,0.8011669278144836
29901052,0.5994539856910706
29975056,0.6165848255157471
29986720,0.9996266961097717
30001052,0.5060797363519669
30057568,0.7975205719470978
30058773,0.18332894742488862
30061008,0.6350099742412567
30096519,0.5021766990423202
30137660,0.8008461833000183
30139935,0.989248377084732
30143557,0.3706641435623169
30155603,-0.4975973814725876
30217976,0.5009395003318786
30224128,0.6741151005029679
30252953,0.6706150859594345
30255458,0.698432657122612
30277800,0.7632808029651642
30284907,0.5914638072252274
30286325,0.7955386877059937
30291687,0.7669862508773804
30336647,0.8320160627365112
30360662,-0.09213605523109436
30360694,0.8908834755420685
30385612,0.4323789894580841
30390757,-0.029762996567620173
30391924,0.3628835678100586
30396694,0.3954180247253842
30418032,0.15187558233737947
30431800,0.019985750317573547
30459038,0.8004517734050751
30468334,0.22006558775901794
30468778,0.1664775013923645
30468999,0.42228213846683504
30469271,-0.22200827598571776
30470268,0.9754159599542618
30496211,0.6854441046714783
30581582,0.1507567822933197
30692090,0.27705729603767393
30692901,0.9957022428512573
30702282,0.7817554652690888
30721228,0.5863854706287384
30760380,0.09440082907676697
30762807,0.9656829237937927
30778973,0.39521318972110747
30784680,0.7345633506774902
30785172,0.9797164082527161
30804585,0.5021124631166458
30808563,0.4932102560997009
30815797,0.691669249534607
30818570,0.6082177042961121
30818782,0.9994860887527466
30852865,0.5938340783119201
30855230,0.5997671246528625
30897233,0.8102698713541031
30905421,0.43871344029903414
30923036,0.9891911149024963
30923313,-0.9971314668655396
30924651,0.9565636456012726
30926474,0.7170153685978481
30948511,0.6579396903514863
30976913,0.3011723130941391
30981192,0.9362289279699325
30984799,0.7407731890678406
31029803,0.9335174858570099
31031039,0.4486391365528107
31041447,0.6073828160762786
31048981,0.371477210521698
31059416,0.5747507691383362
31063423,0.9991030842065811
31080123,0.7741638243198394
31084712,-0.1706067681312561
31110926,0.6467568725347519
31111604,0.9323927164077759
31115234,0.6942905515432358
31117448,0.48565451204776766
31121254,0.9938041985034942
31136381,0.6950144618749619
31137808,0.18150779902935027
31155698,0.5348945319652557
31162541,0.701103612780571
31180556,0.07822588086128235
31299342,0.9444381803274154
31307788,0.20211501717567443
31309384,0.4952330976724625
31326551,0.6976225048303604
31344597,0.7978406608104706
31345066,0.7407357960939407
31367805,0.6412599265575409
31371973,-0.22953060269355774
31371989,0.041113507747650144
31372116,0.7593457897504171
31379097,0.9353653013706207
31400193,0.335353285074234
31451268,0.9821361422538757
31567232,0.25644785910844803
31567518,0.522840017080307
31567812,0.19913939237594605
31568172,0.32735278209050495
31605292,-0.967928946018219
31605802,0.9401783853769302
31708786,0.2988245218992233
31711220,0.7163948327302933
31798722,0.6570767730474472
31816225,0.6648329019546508
31818348,0.7197220683097839
31841720,0.8189330279827118
31851580,-0.8393664558728536
31856621,0.9888064146041871
31873592,0.5699899911880493
31874354,0.43857693672180176
31877381,0.5741666913032532
31879681,-0.33350861072540283
31913150,0.9966343998908996
31950161,0.529492449760437
31966454,0.2891356746355693
32054061,0.5340388655662537
32060538,0.40619423389434817
32066301,0.6362245480219523
32084364,0.729159590601921
32150798,0.7243441194295883
32179201,0.9938404560089111
32253683,0.789263516664505
32285118,0.7858396768569946
32324489,-0.1104855328798294
32326375,0.2156213104724884
32372583,0.5917537569999695
32383738,0.34854409992694857
32388714,0.00024116039276123047
32416670,0.832570219039917
32436077,0.253822922706604
32445006,0.6518933236598968
32455651,0.5477297097444535
32462354,0.7014936447143555
32486842,0.8110807955265045
32490694,0.917691707611084
32535763,0.6457487642765045
32546825,0.9454362392425537
32558632,0.9954380989074707
32561258,0.7905326545238495
32564378,0.980830729007721
32604689,0.3538344979286194
32604920,-0.021250754594802856
32630638,0.4082054316997528
32631045,0.4682058572769165
32631164,0.4222285211086273
32649385,0.9018088191747665
32679787,0.9933778464794158
32683272,-0.0015367865562438965
32687032,0.9953511774539947
32708205,0.5985281646251679
32717647,0.5762510478496552
32727726,0.5129835158586502
32762697,0.6191032350063324
32765561,0.6279071807861328
32788852,0.47190201878547666
32804532,0.40034555792808535
32804970,0.47324888706207274
32810418,0.657046040892601
32812374,0.5563330709934234
32859808,0.5266725152730942
32861904,-0.23620402216911315
32914219,0.6802173018455505
32978396,0.6347452223300933
33004292,0.9982950687408447
33033368,0.7903398752212525
33072783,0.9925423204898834
33072934,0.457339209318161
33095550,0.12296907603740692
33131438,0.9956063628196716
33132151,0.6953770369291306
33133836,0.962443208694458
33136144,-0.6508074589073658
33187168,0.5050784975290299
33207390,0.45401808321475984
33224268,0.7852774143218995
33246943,0.9857195854187012
33267439,0.8179835259914399
33306192,0.6153319418430329
33333438,0.5864115417003631
33336093,0.6719239830970765
33344401,-0.2671797811985016
33357453,0.8059877693653107
33381132,0.4400676727294922
33396527,0.4899064987897873
33399721,0.5993687868118286
33415764,0.8437305420637131
33417221,0.9970504641532898
33417826,0.8033370554447175
33418394,0.8170214116573333
33426752,0.7744978427886963
33427950,0.3658322513103485
33429061,0.983338075876236
33440807,0.5113831013441086
33440946,0.996074378490448
33466006,0.9976812303066254
33482448,0.6233383774757385
33482592,0.5852373123168946
33493281,0.08716616034507751
33499904,0.5950777888298034
33507806,0.20329996943473816
33511789,0.374698793888092
33512271,0.9955977201461792
33536789,0.9880510210990906
33553120,-0.16832870244979858
33569720,0.003585249185562134
33569741,0.48669737577438354
33604971,0.9808349609375
33633781,0.9970613062381745
33639179,0.5141025125980377
33647011,0.4944185495376587
33663587,0.36932246685028075
33677129,0.48795776069164276
33696955,0.5314865921224866
33709048,0.8870085567235947
33715317,0.7342003971338272
33725106,0.4803541600704193
33731053,0.7200269848108292
33743565,0.9777480483055114
33744716,0.5969255566596985
33796119,0.5239737510681153
33818566,0.7451353043317794
33847450,0.43741745948791505
33854463,0.6091082334518433
33868975,0.7954840660095215
33894189,0.6720299005508423
33896112,0.4595053315162659
33939770,0.48057493269443513
33949069,0.3518763154745102
33994939,0.9952851355075836
34009724,0.5558706261217594
34017167,0.5167313307523728
34039746,0.06365760862827301
34048201,0.7113850447866652
34166249,0.01405838131904602
34166520,0.4746638834476471
34177467,0.9951550900936127
34181716,0.43292416334152223
34198026,0.5802232891321182
34227684,0.4439550280570984
34228486,0.8351313352584839
34267891,0.06110566258430481
34275347,0.5574776589870453
34276796,0.6169407844543457
34296373,0.7460371851921082
34296816,0.11751250624656677
34297359,0.9931946337223053
34312201,0.8213157773017883
34318841,0.24318791329860687
34318966,0.5055671006441116
34319290,0.33082033395767213
34319355,0.026963698863983154
34319425,0.2013591706752777
34319493,0.8635239660739898
34335285,0.14211683273315429
34431041,0.2685319006443024
34440452,0.3352303147315979
34455616,0.9796060085296631
34460445,0.9669169982274374
34517642,0.5830591261386872
34521071,0.4121338874101639
34564691,0.825975660766874
34567690,0.1110784649848938
34581910,0.33791311581929523
34593376,0.7946107387542725
34643496,0.991057026386261
34742210,0.9462893108526865
34754180,0.5615847498178482
34815828,0.6569332212209702
34829140,0.7660657644271851
34839684,-0.11458875238895416
34876072,0.3945814371109009
34876910,0.9871800243854523
34880264,0.9958866238594055
34881204,-0.9636797308921814
34882407,0.9983152747154236
34886480,0.39074434638023375
34890330,0.6073437213897706
34892547,-0.9995316863059998
34916906,0.4246293604373932
34927367,0.48569859862327575
34934246,0.9160225590070089
34960081,0.998325248559316
34974673,0.20572383999824523
34987758,0.8633504897356034
35098642,0.7404187202453614
35109154,0.6193978220224381
35120724,0.6067732334136963
35124867,0.4918073922395706
35212936,0.7947030603885651
35227893,0.030672669410705566
35258408,0.9929632902145386
35259560,0.8952918499708176
35273435,0.6124209284782409
35278986,0.7850027501583099
35327984,0.9967818021774292
35333275,0.5752201735973358
35359998,0.7922640085220337
35366328,0.6060947895050048
35374697,0.90434350669384
35381179,0.7792470812797546
35398706,0.39954823851585386
35423998,0.18855729273387364
35424016,0.1652368704477946
35424032,0.41807059730802265
35424052,0.5927244305610657
35424063,0.8528023958206177
35434396,-0.3261464238166809
35434402,-0.5420041084289551
35434426,0.6601306945085526
35434497,0.9976316392421722
35434499,0.2827953428030014
35434521,-0.4503845125436783
35434550,0.28918200731277466
35465556,0.2720076680183411
35465778,0.7408715397119522
35474359,0.15017668008804322
35488467,0.8002742767333985
35494932,0.8122677206993103
35515603,0.22064581513404846
35586307,0.9838418245315552
35586552,0.8102308630943298
35593422,-0.9846538305282593
35597869,0.8583620914391109
35600364,0.6377903997898102
35626712,0.8041584908962249
35660064,0.790879487991333
35669354,0.5475715667009353
35723952,0.8261264801025391
35724626,0.602258312702179
35726559,0.3353026608626048
35755349,0.9996562600135803
35777845,0.6992925435304642
35800781,0.7273898661136627
35816192,0.6590293616056442
35822042,0.16005017360051474
35867864,0.5428601115942001
35908063,0.9173750877380371
35909147,0.6021832585334778
35909375,0.5966538190841675
35909886,-0.3446195423603058
35911139,0.7884559273719788
35915267,0.6058311939239502
35957950,0.7979960143566132
35996847,0.2924253761768341
36027297,0.6302064061164856
36032860,0.06717181503772736
36088210,0.4646902233362198
36096316,0.9970088005065918
36126878,0.7687436699867248
36144831,0.5986518442630768
36146115,0.8263912498950958
36162089,0.5078523717820644
36164179,0.9656154334545135
36167723,0.5687360107898712
36201469,0.31559962332248687
36214155,0.7939253687858582
36216905,0.40091121196746826
36305959,0.24163500666618348
36311221,0.9736279368400573
36345507,0.9996762722730637
36345690,0.3323738485574722
36346857,0.6106644809246063
36375746,0.9958298802375793
36376292,0.5230170637369156
36387413,0.77080138027668
36401164,0.05493027716875076
36406300,0.023094743490219116
36519791,0.7870038688182831
36539328,-0.10968731045722961
36556615,-0.16774500409762064
36590310,0.604780912399292
36651517,0.01734885573387146
36676716,0.8210090368986129
36689934,0.4621156483888626
36690185,-0.02533411979675293
36691489,0.5852506220340729
36700973,0.8565018326044083
36717957,0.8225558783326831
36727491,0.7934998571872711
36752461,0.8979368269443512
36784356,0.7557700484991073
36837868,0.49709554612636564
36838172,0.959743756055832
36863839,0.17981507778167724
36869705,0.6808158069849014
36894507,0.40444915294647216
36970099,0.9950621202588081
37033549,0.019264078140258788
37071894,0.21292067170143128
37222120,0.6444562584161758
37222121,0.23808254599571227
37229778,0.2409025937318802
37235991,0.9302066028118133
37245774,-0.12767374515533447
37266804,0.8862417131662369
37271943,0.799567848443985
37283325,0.7290140599012375
37288580,0.3927450060844421
37322662,0.9723031044006347
37352968,0.9888554096221924
37353096,0.8049923956394196
37354061,0.6829659938812256
37414090,0.9967123866081238
37414138,0.5873393297195435
37421895,0.5536443061298795
37439540,0.7324411779642105
37454256,0.9844651639461517
37506750,-0.4945445656776428
37511908,0.777682650089264
37517298,0.9155146926641464
37517509,0.9997075200080872
37518253,-0.9705250263214111
37518474,0.8884454667568207
37518810,0.34034178654352826
37545575,0.9769942462444305
37585903,0.7435858100652695
37587087,-0.19474015831947328
37642445,0.2365152657032013
37648147,0.9827505052089691
37698458,0.20963792204856874
37701671,-0.012413782732827323
37828144,0.8147251844406128
37828432,0.419075483083725
37840124,0.6427050858736039
37880391,0.7046852499246598
37903026,0.3932186424732208
37952768,0.6357784330844879
37984879,0.8257371783256531
38007511,0.7177489310503006
38014259,0.9989107251167297
38037296,0.35326500833034513
38059495,0.824538505077362
38064361,0.3500837177038193
38067488,0.4399759769439697
38099350,-0.019170153141021728
38115317,0.5966586232185364
38115959,0.9975532293319702
38130031,0.36759966015815737
38173287,0.6719781855742136
38175481,0.020961421728134155
38240023,0.004360874493916829
38256428,0.7813934326171875
38312831,0.9763270020484924
38315616,0.40631880760192873
38370348,0.5936278641223908
38372785,0.42060145139694216
38382481,0.3793489396572113
38382555,0.3547016650438309
38382594,0.5934698164463044
38383141,0.9900636374950409
38401036,0.8024102926254273
38402954,0.4199796676635742
38404118,0.889159107208252
38428887,0.4638564795255661
38429111,0.32667805552482604
38451889,0.600172472000122
38454279,0.9938257336616516
38505990,0.972229516506195
38506228,0.5567538672023349
38529091,0.9881286442279815
38535395,0.604984974861145
38578722,0.5486455082893371
38578762,0.6401232004165649
38631309,0.9976119101047516
38642482,0.8665337771177292
38687845,0.9953301697969437
38698324,0.5374011039733887
38716520,0.5320234537124634
38725094,0.5441036224365234
38820016,0.5061145722866058
38868317,0.5758345663547516
38903930,0.5764085412025451
38956707,0.6597275078296662
38978301,0.366031801700592
39042573,0.4350894927978516
39066049,0.4817418664693832
39068000,0.7944951355457306
39068992,0.2621110439300537
39082863,0.5500951707363129
39094199,0.40634292364120483
39098544,0.4273747631481716
39125836,0.5853670507669448
39161709,-0.8589173555374146
39162011,0.9943625330924988
39214879,0.31323240995407103
39216890,0.9976930737495422
39222893,0.9704025983810425
39224439,0.13442012965679168
39237735,0.7922825872898102
39250647,0.5663275331258774
39261898,0.09644909501075745
39269501,0.5114350736141204
39271955,0.7951706528663636
39272770,0.3699333906173706
39296411,0.1649058312177658
39296585,0.009431654214859008
39296726,0.3615847796201706
39308816,0.7842075765132904
39338020,0.6225490570068359
39353095,0.003674936294555664
39359343,0.3292121350765228
39430855,0.5037288427352905
39435189,0.731950917840004
39444458,0.7992538273334503
39485645,0.7553697407245636
39502609,0.06445904970169067
39532552,0.9995704889297485
39546929,0.992805278301239
39570783,0.6072278380393982
39576543,0.4805912971496582
39592845,0.8089610849108014
39610084,0.6644634008407593
39625006,0.4648145616054535
39641607,0.7704994857311249
39662354,0.9993704301970345
39663356,0.9694882333278656
39668767,0.29789990484714507
39671106,0.7804563343524933
39711599,0.9163790543874105
39713069,0.9854418575763703
39747942,0.4472369760274887
39749122,0.7332075297832489
39789576,0.7138946226664952
39795636,0.6743418633937835
39816646,0.732180118560791
39827678,0.531742874532938
39828876,0.46672220826148986
39829119,0.7422673523426055
39829923,-0.17296459277470908
39885172,0.9245622277259826
39906862,0.6161001101136208
39907655,0.5881715983152389
39914186,0.7276731133460999
39934749,0.41643186211586
39935667,0.9980233311653137
39936698,0.9988511999448141
39943843,0.9967050671577453
39949337,0.733328178524971
39956201,0.8691432476043701
39959416,0.8174697160720825
39971724,0.9929408431053162
39984371,0.6180104911327362
39989336,-0.17875813245773314
39996475,0.9114836126565933
40004343,0.957794451713562
40024933,-0.8037228584289551
40040353,0.225039279460907
40046132,0.9806557476520539
40047609,0.9951181411743164
40076329,0.16446382999420167
40104517,0.9990333716074625
40138027,0.19019041061401368
40143262,0.9979541897773743
40154756,0.9987176656723022
40157244,0.5599834740161895
40157792,-0.15226566791534424
40157806,0.26826084554195406
40158222,0.1278165578842163
40158238,0.17166875600814818
40158254,-0.47068148851394653
40159396,0.9995296597480774
40165234,0.6232990741729736
40165477,0.24026177525520326
40166679,0.0524991512298584
40169171,0.6402013152837753
40169255,0.6083046495914459
40171071,0.42549713253974913
40172457,0.9930994212627411
40176865,0.8048449754714966
40177112,0.591344028711319
40190332,0.21251251697540283
40192328,0.8339554309844971
40193265,0.6210475862026215
40193600,-0.040610293547312416
40198708,0.24582061171531677
40200972,-0.9906875491142273
40201665,0.9791407386461893
40201698,-0.009762287139892578
40202635,0.9895164370536804
40258070,0.7867515802383422
40287473,0.7759987473487854
40319215,0.7511398494243622
40319702,0.20100677609443665
40356335,0.8068818688392639
40359042,0.22714317142963408
40372411,0.99533611536026
40385387,0.9744681715965271
40385755,0.4054764360189438
40389505,-0.1342108964920044
40413460,-0.7680842876434326
40432889,0.5842464387416839
40441006,0.47474792301654817
40468656,0.570846551656723
40489293,0.7492884337902069
40497883,0.6626711547374725
40505429,0.2569571336110433
40531020,0.10843400657176971
40536215,0.6039480149745942
40551056,0.5998637557029725
40574329,0.6262776613235473
40587344,0.8259772777557373
40603057,0.7989716708660126
40624548,-0.0872361958026886
40627256,0.5842882752418518
40628453,0.9626992762088775
40633093,0.017999917268753052
40649016,0.9977944195270538
40650634,0.9469321966171265
40655431,0.5063279569149017
40655449,-0.9962702691555023
40674582,0.4041548311710358
40685863,0.79744171500206
40692397,0.24765146374702454
40700608,0.6901275396347046
40718865,-0.9858428835868835
40726316,0.7854157626628876
40742407,0.3736285626888275
40755748,0.42091047763824463
40770534,0.2311464488506317
40782137,0.4484615623950958
40795331,0.9604530692100525
40796043,0.8166195809841156
40800920,0.768594253063202
40803476,0.21844211883015102
40809374,0.10002520382404327
40815597,0.39868099689483644
40828025,0.716648206114769
40828812,0.6328472197055817
40829004,0.8556685447692871
40851916,0.18610880970954896
40855454,0.9030875355005265
40861701,0.9761114358901978
40906449,0.5016227930784225
40917060,0.7938385784626008
40946617,0.9477425038814544
40955945,0.19789504408836364
40956868,0.601007628440857
40977513,0.7944426536560059
40986956,0.7075803354382515
40997820,0.8073402404785156
41005680,0.979675954580307
41016164,0.5288684964179993
41028497,0.7957788944244385
41048469,0.2546534925699234
41052707,0.5987453937530518
41058027,0.9677463889122009
41060082,0.9942860305309296
41061006,-0.028299087285995485
41061272,0.354403418302536
41064376,0.19750726819038392
41073367,0.41323256492614746
41073563,0.6576585258756366
41073640,0.9964309453964233
41094039,0.257859726746877
41094881,-0.019125635425249737
41095350,0.402277934551239
41106283,0.6401750189917428
41109049,0.5922373414039612
41129215,0.5888509690761566
41129365,0.9138377696275711
41151760,0.21915939450263977
41162238,0.461219048500061
41162915,0.4057408690452576
41163958,0.5832014441490173
41188663,0.4348748862743378
41189196,0.9948022762934366
41191666,0.560586017370224
41232357,0.8019937813282013
41248297,0.43705607652664186
41338763,0.9874746799468994
41393576,0.4118103444576263
41402789,0.79929039478302
41420625,0.15496402233839035
41444917,0.8511202096939087
41488663,0.3340442955493927
41496543,0.5874037027359009
41500115,0.6103230953216553
41515450,0.1124004065990448
41548855,0.7475452621777853
41586115,0.7174683451652527
41587127,0.6993179246783257
41589469,0.8957895437876383
41628806,0.5097833901643753
41632880,-0.0009651333093643188
41698301,0.90695039331913
41708956,0.6022901952266693
41720125,0.1311122328042984
41729559,0.4562238539968218
41739300,0.3240609258413315
41756146,0.43407411873340607
41845403,0.20236759185791015
41851503,0.5122370272874832
41858051,0.22055612206459047
41858891,0.2528613269329071
41874269,0.7020252734422684
41893122,0.45232811868190764
41902289,0.2791768279340532
41903558,0.48857420682907104
41933968,0.5310887768864632
41944994,0.7326861977577209
41952005,0.9996619820594788
42038043,0.6039749532938004
42081836,0.6057931840419769
42087160,0.00964471697807312
42097093,0.45216881930828096
42099516,-0.3264841039975484
42104954,0.5408203929662705
42144559,0.2961767464876175
42184074,0.5834222972393036
42187036,0.44166632294654845
42189611,0.5979638218879699
42189654,-0.09439918398857117
42189674,0.4133187711238861
42189691,0.7992120325565338
42189715,0.3620909409863608
42189763,0.22826018929481506
42189797,0.20605707168579102
42189822,-0.3402419288953145
42189849,0.005035221576690674
42223050,-0.9309989213943481
42229017,0.02512156367301941
42246431,0.1977477788925171
42246933,0.7937873303890228
42292177,0.4378261963526408
42324266,0.4139504075050354
42342726,0.5925914704799652
42344238,0.6005821228027344
42370716,0.7979924201965332
42384755,0.587397676706314
42392198,0.642522931098938
42392463,0.4053835511207581
42393648,0.5420880913734436
42398422,0.7854045808315278
42399885,0.7903637647628784
42418902,0.41306839883327484
42420827,0.5756932556629181
42420889,0.7895238876342774
42473850,-0.9976267218589783
42505879,0.406699401140213
42525596,0.8706019073724747
42547967,0.4592011719942093
42556156,0.5843773305416107
42561283,0.05950969457626343
42564860,0.15459827780723573
42571868,0.33869635727670455
42680043,0.8221718728542328
42732162,0.7926866292953492
42734815,-0.12253615856170655
42735194,0.39747803211212157
42739622,0.5982019454240799
42752850,0.6067152202129364
42756286,0.17537165880203248
42757988,0.7301306307315827
42773446,0.9955501794815064
42786804,0.7561443269252777
42800205,0.580817049741745
42832157,0.9981399774551392
42909495,0.5469964772462845
42961919,0.17577266097068786
43028307,0.6182469427585602
43056294,0.3329304854075114
43059344,0.36802431046962736
43110616,0.05170668661594391
43174507,0.5272167295217514
43220020,0.5884994149208069
43246560,0.3993532210588455
43257279,0.7064973801374436
43262449,0.8001245021820068
43277806,0.11542235016822815
43277973,0.4496350228786469
43345996,0.21600634356339773
43402933,0.8962182799975077
43403877,0.7653765201568603
43411605,0.5455391615629196
43412161,0.9847035348415375
43431519,0.5935184299945832
43447243,0.9442678272724152
43447551,0.5703213393688202
43471219,0.9610157668590545
43502465,0.6229148626327514
43502806,0.5944014728069306
43566918,-0.13626723630087717
43566920,0.8634970585505167
43566933,0.009640634059906006
43566999,0.2909766435623169
43567021,0.027224615216255188
43568135,0.38694472312927247
43578695,0.9995229840278625
43578831,-0.0693124532699585
43632246,0.45456809997558595
43656662,0.3947881102561951
43659444,0.7917761862277984
43683531,0.8022522509098053
43705815,0.9787113845348359
43713507,0.32136799693107604
43752474,0.5992836475372314
43761883,0.9063991904258728
43766534,0.6897973716259003
43766823,0.8077933609485626
43772466,0.9727929294109344
43773497,0.6045293629169464
43789919,0.9824668169021606
43806649,0.989192658662796
43826317,0.9978644251823425
43831375,0.8518403569857279
43837652,0.5149801671504974
43838627,0.771600604057312
43838760,0.43939379453659055
43839838,-0.3113592267036438
43844731,0.5163272857666016
43869727,-0.29521650075912476
43870148,0.006792115313666207
43879498,0.5384780257940293
43879664,0.1550716668367386
43918634,0.9369774580001831
43918864,0.7866140604019165
43922706,0.4210711121559143
43934925,-0.22363485693931578
43935888,-0.08936816453933716
43936151,0.7871644258499145
43936736,0.40182952880859374
43937614,0.5839026808738709
43938396,0.22487540245056153
43939963,0.24376248121261596
43940207,-0.03378083450453622
43948667,0.6037827968597412
43948734,0.47789901196956636
43948782,0.41214612126350403
43950598,0.7849715054035187
43951714,0.1908854842185974
43976150,0.9962138175964356
43984350,0.21785786151885986
43995708,0.5788907885551453
44027225,0.2950961500406265
44027256,0.5782783508300782
44027268,0.663035374879837
44027272,0.5660498797893524
44027284,0.17387956082820893
44027422,0.7964437067508697
44027441,0.23641309142112732
44027446,0.22861526608467103
44027615,0.30970704555511475
44027802,-0.3207378417253494
44027818,0.4146930754184723
44027844,0.7997153043746948
44027854,0.6812463432550431
44027879,0.5532159894704819
44029609,0.8478292107582093
44032252,0.984905618429184
44038510,0.5998031258583069
44043785,0.6556484341621399
44053829,0.000850975513458252
44056918,0.005388301610946655
44065673,0.39614322781562805
44065675,0.5352542698383331
44065682,0.9782806038856506
44067626,0.6007817566394806
44091130,0.8231920003890991
44156949,0.20062106251716613
44159488,0.4563526719808578
44159877,0.9994010329246521
44202536,0.7919433295726777
44203440,0.4172072172164917
44205625,0.8437111705541611
44206576,0.6571238547563553
44232275,0.9647051393985748
44237747,0.7476091593503952
44258444,0.26029269099235536
44265877,0.3424459308385849
44273993,0.7694412708282471
44274626,0.23710296750068666
44285987,0.6390921175479889
44297783,0.5341996014118194
44301429,0.40908839702606203
44317041,0.7989050865173339
44332032,0.446734219789505
44366917,0.8305471181869507
44385220,0.37917075753211976
44396921,0.5518849700689316
44411285,0.30711875259876253
44441003,0.4796514928340912
44483513,0.15556799471378327
44486122,0.7972204208374023
44497281,0.7307348772883415
44512504,0.9989357988039652
44519071,0.27948627173900603
44526308,0.9986639082431793
44547997,0.4008427560329437
44581264,0.9985165993372599
44600781,0.20565981268882752
44609675,0.758147656917572
44638216,0.38561953902244567
44641203,0.7960209608078003
44643362,0.413360258936882
44645844,0.9926047325134277
44654069,0.3990065336227417
44658071,0.35735781987508136
44677354,0.8017832040786743
44690984,0.8292291760444641
44693766,0.9032668828964233
44695366,0.7766912817955017
44696210,0.8418634474277497
44697637,0.9256991147994995
44704419,0.14395351707935333
44719352,0.7355226337909698
44727647,0.9991251528263092
44749565,0.7762706458568573
44751823,0.5492823153734208
44779335,0.4900586873292923
44831654,0.7805104911327362
44847217,0.4844979912042618
44952615,0.5223673909902573
44953283,0.7458568662405014
44981882,0.9994799494743347
44999500,0.7712772965431214
45062096,0.39903162121772767
45130529,0.9184076275144305
45147622,0.9725629687309265
45188970,0.7060674220323563
45199452,0.8493085503578186
45199764,0.7849803686141967
45199791,0.5943493366241455
45204811,0.5797814905643464
45236758,0.9965590834617615
45268234,0.6073500752449036
45298695,0.5700644731521607
45307292,0.7939271092414856
45326231,0.8360295236110687
45345196,0.9982753396034241
45356722,0.7907338857650756
45357442,0.9965113550424576
45357615,0.007770806550979614
45358400,0.9861807703971863
45364314,0.5947945594787598
45378046,0.5890435039997101
45378260,0.41573394536972047
45379676,0.6021988093852997
45390254,0.9952909350395203
45454344,0.5987719535827637
45489213,0.8758583764235178
45529988,0.5179770678281784
45535069,0.4193951368331909
45556591,0.38083507418632506
45570674,0.931281378865242
45571109,0.9306214302778244
45572978,0.16821572846836513
45573090,0.20897050499916076
45573209,0.14686065912246704
45573282,0.21654186844825746
45575297,0.25793699026107786
45586602,0.7523724764585495
45594055,0.8056228876113891
45595116,0.16884865363438925
45607191,0.9416892826557159
45642542,0.592748349905014
45695910,0.9926425814628601
45696184,0.04376296997070313
45696401,0.3643477916717529
45696999,0.2131317655245463
45697418,-0.025039547681808473
45697626,0.9956637322902679
45706679,0.9992924531300863
45794442,0.8068894803524017
45806946,0.3887573957443237
45853532,0.44417230486869813
45855087,0.43660534024238584
45876823,0.11187723577022553
45889733,0.9147456586360931
45891371,-0.5463875532150269
45924858,0.19458405971527098
45925201,0.4200020968914032
45938985,0.7855967164039612
45945777,0.5632510930299759
45945780,0.44940561056137085
45946338,0.7937106013298034
45946577,0.6130925416946411
45948565,0.49728345274925234
45950271,0.5969313025474549
45968998,0.6067249178886414
45983224,0.40651019130434307
46001075,0.18338910341262818
46030657,0.15990811288356782
46031579,0.782467645406723
46034824,0.9925088703632354
46043102,0.8366794228553772
46043918,0.6090652823448182
46045841,0.5542428225278855
46142156,0.7107465505599976
46156330,0.7196550488471984
46236168,0.9981423795223237
46270072,0.9902010321617126
46325318,0.4930165261030197
46353377,0.5327793747186661
46353524,0.5889319658279419
46354018,0.3436978399753571
46354236,0.20622867345809937
46354460,0.3535366952419281
46355614,-0.26930115818977357
46355847,0.5113809466361999
46356015,0.3855773389339447
46356148,-0.026070401072502136
46356387,0.4146911323070526
46356546,0.5212661474943161
46490629,0.22271687388420106
46543097,0.43648319244384765
46562275,0.8106721222400666
46574482,0.5556868374347687
46674561,0.51518814265728
46728403,0.9014623880386352
46740981,0.9985644817352295
46742246,-0.0611892968416214
46932812,0.8200969934463501
46935032,0.5601622402668
46935773,0.9478929936885834
46996485,0.33596418159348623
46997899,0.6456161141395569
47086470,0.8289207134928022
47116062,0.20632521510124208
47311143,0.16480159759521484
47411200,0.23962200284004212
47458572,0.809903222322464
47460849,0.86804378926754
47461426,0.9979624003171921
47461821,0.8239857077598571
47463348,0.9946630001068115
47463486,0.9820472598075867
47464846,0.975503146648407
47465415,0.9995399713516235
47465793,0.9983779191970825
47522876,0.4183501660823822
47543028,0.20570849180221557
47544079,-0.7072124481201172
47561997,0.447956383228302
47578583,0.7033988744020462
47590156,0.1404200404882431
47709011,0.600875797867775
47757773,-0.23646890223026276
47782977,-0.008504849672317506
47878397,0.5847120642662048
47921961,0.9988877773284912
47935670,0.9567584991455078
48004170,0.2301213562488556
48091016,-0.01667403057217598
48098193,0.21335208415985107
48098836,0.7883917629718781
48098885,0.5570445597171784
48116012,0.08387970328330993
48116698,0.3306942913267348
48134310,0.6560438394546508
48134900,0.31447133123874665
48135234,0.7871230483055115
48165934,0.750090491771698
48166115,0.6734426617622375
48178023,0.5575025022029877
48190018,0.8934903681278229
48196881,0.9926195502281189
48253975,0.5279718071222306
48305767,0.9290918469429016
48329024,0.6413432121276855
48393722,0.21524039506912232
48423900,0.7613730490207672
48479582,0.379465726017952
48480154,0.46836026608943937
48514074,0.9913237869739533
48519893,-0.10052061080932617
48556907,0.6523506134748459
48559130,0.18071711659431458
48563229,0.628060907125473
48580527,0.34158191415998673
48588063,0.06702956557273865
48588654,0.3300776183605194
48588832,0.45886003971099854
48598883,0.22425042986869811
48604277,0.34408130347728727
48604725,0.022536414861679076
48604901,0.3880316257476807
48605909,0.78585085272789
48615502,-0.3845793157815933
48628008,0.5434188693761826
48648855,0.8223229746023814
48668249,0.6807036012411117
48705823,0.9881113469600677
48707891,0.7458212524652481
48711518,0.2617323100566864
48738071,0.5869727075099945
48767171,0.5209622212818691
48767884,0.7510969549417496
48783356,0.6247038125991822
48783857,0.9697489976882935
48794308,0.4158607631921768
48794485,0.37572642862796785
48795143,0.31913202404975893
48802412,0.5543612986803055
48817593,0.6971519082784653
48819171,0.15502505898475646
48823118,0.014395177364349365
48827344,0.5989928245544434
48841180,0.9070032477378845
48842475,0.5754885077476501
48855297,0.789133471250534
48859116,-0.32361628611882526
48859966,0.8775677800178527
48862499,0.23100380301475526
48901257,0.7149828612804413
48949938,0.9990877509117126
48971626,0.8175495743751526
48986340,0.6422804921865464
48990147,0.5724311888217926
49034492,0.7758931636810302
49048739,0.5892061710357666
49053413,0.3343708912531535
49054996,0.02808290719985962
49055043,0.2940839926401774
49070244,0.28744193613529206
49072665,0.6014102339744568
49152276,0.7978679597377777
49152552,0.9895201027393341
49169526,0.997177004814148
49254991,0.9931914806365967
49290460,0.7837010979652405
49297765,0.994960606098175
49317243,0.34010038077831267
49317596,0.4017696976661682
49341792,0.45549302697181704
49342938,0.9896334707736969
49361046,0.9778252303600311
49393798,0.8836436688899993
49394545,0.4734984040260315
49394635,0.8198790788650513
49403613,0.3220884531736374
49412910,0.022803962230682373
49430132,0.5452684760093689
49491573,0.3274034261703491
49577723,0.6706662893295288
49612184,0.3754939675331116
49648292,0.6460731625556946
49650040,0.49516948461532595
49747575,0.5828943014144897
49753808,0.7786929607391357
49868560,0.3594573259353638
49872147,0.7939699172973633
49879733,0.39011332392692566
49881054,0.47784627974033356
49881782,0.2324683129787445
49921200,0.2398682177066803
49926013,0.8424922496080398
49971552,0.46420756727457047
49978780,0.4134306192398071
49982323,0.8254943251609802
49983264,0.6082042396068573
49983512,0.27774844169616697
49983815,0.3400573134422302
49991999,0.42591643929481504
49992345,0.32258525788784026
50000916,0.9190659850835801
50045545,0.007416757941246033
50079318,0.9868878424167633
50080593,0.6017756521701813
50081422,0.9850592911243439
50083883,0.6423908770084381
50094973,0.052585139870643616
50196883,0.2613606065511703
50206201,0.14880860447883607
50207390,0.1980070412158966
50257799,-0.9836830496788025
50264411,0.9828183352947235
50277724,0.3027407109737396
50283971,0.6240180790424347
50286770,0.9949311316013336
50295850,0.35347638130187986
50316052,0.24955326020717622
50316214,0.5895946443080902
50327990,0.03346693515777588
50334972,-0.8550037145614624
50335019,0.7504898130893707
50335020,0.11532257199287414
50335489,0.7933473408222198
50337170,0.20270248651504516
50337784,0.4920635521411896
50339083,0.8053616106510162
50377344,0.36764166355133054
50380329,0.23151611685752868
50383833,0.5647927910089493
50385305,0.43457518219947816
50388752,0.994617223739624
50389214,0.5038022696971893
50392536,0.3318095604578654
50394589,0.3603013277053833
50405173,0.9546135246753693
50407097,-0.008102941513061523
50408524,0.38209503293037417
50410835,0.7271919012069702
50411981,0.49314130544662477
50414387,0.7570332020521164
50414711,0.8020615458488465
50415989,0.2398637652397156
50427963,0.9283575057983399
50439987,0.8711825609207153
50494419,0.5996313989162445
50559516,0.753357520699501
50565627,0.048297065496444705
50571718,0.4184983432292938
50614504,0.9879176020622253
50631999,0.797722727060318
50640649,0.5335558205842972
50655693,0.5194162329037985
50667551,0.8083080887794495
50672575,0.9981541633605957
50714433,0.568502888083458
50714968,0.6140612721443176
50716746,0.998871237039566
50749447,0.5768711388111114
50767583,0.6231103003025055
50787023,0.26430406868457795
50791829,0.775339275598526
50821551,0.4972565770149231
50829713,0.5868335068225861
50836941,-0.2636271268129349
50847898,0.9985987722873688
50888368,-0.04058045744895935
50889643,0.7747999906539917
50905870,0.7276270151138305
50930040,0.8628586888313293
50939284,0.999642014503479
50945795,0.9705154498418173
50945907,0.998875081539154
50950132,0.8043663740158081
50967747,0.5835221409797668
50968486,0.9877160429954529
50970621,0.5743959248065948
50989834,0.3009243607521057
50993821,0.5520465731620788
51008618,0.99454199274381
51011740,0.7986875951290131
51021416,-0.19605863094329834
51034911,0.22767166495323182
51050522,0.8262974917888641
51052416,-0.06369354724884033
51076728,0.5627353608608245
51101495,0.9937695264816284
51104699,0.5652466624975204
51105552,0.2390507236123085
51105731,-0.005029425024986267
51117020,0.4460817813873291
51132025,0.999426007270813
51179519,0.3440590302149455
51189844,0.6378650307655335
51202776,0.8160075187683106
51203757,0.0628812074661255
51204125,0.29350674748420713
51204325,0.8466612726449967
51206431,0.576864093542099
51206513,0.8890153595379421
51206565,0.6351201176643372
51208664,0.9959266185760498
51226491,0.19855866432189942
51246862,0.2129570742448171
51246971,0.5629938609070249
51247087,0.16002269585927328
51247194,-0.14012405276298523
51247249,0.956715600831168
51247432,0.9899538358052572
51301351,0.19609321355819703
51302449,0.7964737713336945
51321744,0.5021227926015854
51341408,0.0771306335926056
51361164,0.2574648022651672
51364674,-0.0073439300060272215
51365690,0.7872124493122101
51367641,0.9543399155139923
51399591,0.591472613811493
51416273,0.9444016993045807
51457803,0.9104115188121795
51460062,0.9988698065280914
51477692,0.6046211361885071
51482860,0.43528230488300323
51483051,0.20636909008026122
51502307,0.005154356360435486
51507780,0.0007490098476409912
51511371,0.9973875284194946
51516558,0.6031114161014557
51519009,0.611291354894638
51530077,0.8888263463973999
51533783,0.4818407386541367
51580044,0.6785528808832169
51592677,0.3516409595807393
51615625,-0.18931112686793009
51622703,0.33346621692180634
51623094,0.9942107915878295
51660769,0.16158034801483154
51699264,0.8679131507873535
51708201,0.6761738806962967
51723808,0.7972616940736771
51740983,0.025786703824996947
51765909,0.7001753687858582
51766392,0.10687097311019897
51766826,0.9707820415496826
51780002,-0.16727123260498047
51793763,0.5765940010547638
51814064,0.9955219686031341
51820678,0.6024868786334991
51863896,0.8886133342981338
51896151,0.9997425079345703
51906754,0.24646188020706178
51918251,0.00023943185806274414
51931141,0.3101881146430969
51931968,0.42832285165786743
51942102,-0.2627297043800354
51950998,0.7835423469543457
51971688,-0.33381591240564984
51976897,0.981834352016449
51993841,-0.42804940044879913
52047602,0.794669097661972
52119129,0.7937330305576324
52121519,0.6424306809902192
52161623,0.488330078125
52165024,0.8821688115596771
52165081,0.7932192206382751
52170241,0.7185496985912323
52196989,0.7742674946784973
52210025,0.058088797330856326
52261117,0.07490182518959046
52262241,-0.14157349722726004
52275933,0.552930548787117
52283788,0.39925475120544435
52328920,0.9938785195350647
52345354,0.9950279116630554
52347393,-0.017382323741912842
52360224,0.9997523427009583
52363602,0.9972682765551976
52365146,0.13574042320251464
52365678,0.5257939636707306
52416746,0.9950910409291586
52429687,0.6736222833395005
52435021,0.9939911544322968
52460008,0.07879232764244079
52476173,0.7969939351081848
52481997,0.3813603421052297
52482694,0.3194226294755936
52485410,0.9911437571048737
52512619,0.6005164444446563
52524172,0.6048133194446563
52559668,0.6397446930408478
52561179,0.3929558336734772
52563487,0.4155720889568329
52568338,0.9993610978126526
52568460,0.7898311495780945
52581834,0.7915312588214874
52593095,0.7160316914319992
52595149,0.7608601152896881
52596288,0.7805096447467804
52606291,0.12291268110275269
52614235,0.3328792055447896
52617164,0.9892674386501312
52634410,0.05562815070152283
52643835,0.6571230351924896
52647130,0.5905693709850312
52661072,0.5735505282878876
52661788,0.03616642653942108
52678878,0.5812674522399902
52696824,0.8488876461982727
52733118,0.6356961131095886
52734522,0.6106717228889466
52736866,-0.3278224468231201
52750285,-0.12441442906856537
52783349,0.16557412488119944
52785015,-0.12124234437942505
52793863,0.49338616132736207
52796757,0.946698322892189
52797521,0.029392445087432863
52834871,0.6199311494827271
52851633,0.9935678243637085
52870137,0.7875996112823487
52881351,0.5190348029136658
52882790,0.9595773577690124
52893549,0.9927740693092346
52898228,0.591275817155838
52917879,0.40892382264137267
52929748,0.3805034577846527
52931668,0.27548739314079285
52935487,0.7951304852962494
52947981,0.997850114107132
52963309,0.8020454525947571
52966746,0.7395638555288315
52999238,-0.004354625940322876
53006225,0.796246075630188
53016138,0.9962411403656006
53026111,0.7947044312953949
53040517,0.3762303709983826
53041231,0.5447831021414863
53041266,0.09899529814720154
53041907,0.9955156445503235
53056799,0.3046720057725906
53056984,0.4740287929773331
53086944,0.6499544680118561
53101569,0.43098613023757937
53101649,0.9419399976730347
53101686,0.9952951073646545
53101704,0.615410391241312
53106984,0.5919274270534516
53119696,0.5790598750114441
53120423,0.7265376448631287
53130831,0.983635663986206
53131663,0.3218276917934418
53145573,-0.9077578186988831
53150516,0.4045086085796356
53160491,0.9937020540237427
53160983,0.8133081912994384
53177967,0.9990644454956055
53193600,0.7666719734668732
53194031,0.5120621502399445
53194198,0.3612444798151652
53227509,0.8048959374427795
53244133,0.9907711063112531
53247861,0.9429894089698792
53253796,0.5633862614631653
53268629,0.7167334982327053
53275207,0.9960832476615906
53285595,0.06208000580469767
53289416,0.9930624425411224
53291336,0.4980934798717499
53300932,0.5771562725305557
53301944,-0.9149478673934937
53306639,0.3772932489713033
53318189,0.6182191967964172
53318552,0.9995819926261902
53319331,0.9921753207842509
53340165,0.7068488257271903
53351844,0.49980428814888
53369795,0.016610178351402282
53375547,0.27881236374378204
53378913,0.19855459332466124
53393455,0.6227065682411194
53400297,0.9644472599029541
53412908,0.3289978371726142
53415287,0.6300810813903809
53426917,-0.9848551154136658
53427016,0.9938161969184875
53439644,0.3950793921947479
53461777,0.798376488685608
53469080,0.9525148689746856
53472276,0.9984740614891052
53475523,0.38922274112701416
53477344,0.05205071866512299
53494527,-0.018498492240905762
53510253,0.7393866062164307
53523563,0.2024955219692654
53536827,-0.18156782984733583
53538705,0.8803577959537506
53539312,0.496242493391037
53540682,0.5539745224846734
53551504,0.48133598640561104
53584180,0.663205623626709
53607347,0.7998612523078918
53607600,0.5977349400520324
53681754,0.9949633777141571
53692375,0.5658853113651275
53693829,-0.01715990900993347
53697568,0.9889495968818665
53703898,0.39622527956962583
53711307,0.9977012276649475
53730245,0.43437146842479707
53769639,0.3627200871706009
53771852,-0.20734015107154846
53797056,0.5267059405644735
53804731,0.8010496020317077
53807520,0.9339967012405396
53824246,-0.19708195924758912
53830105,0.5546166449785233
53836075,0.9911321878433228
53844981,0.995425671339035
53855982,0.9936647772789001
53886698,0.991199254989624
53887773,0.36482337713241575
53892200,0.92563756108284
53915575,0.4183257043361664
53944792,0.4238046109676361
53963454,0.992368757724762
53995602,0.6850739598274231
53997959,0.7977937281131744
54048631,-0.9795247912406921
54049210,0.9997100830078125
54051651,0.6010542333126068
54076955,-0.9451014995574951
54153638,0.5919776737689972
54175380,0.7521449208259583
54189080,0.9892920255661011
54191397,-0.3247982859611511
54212617,0.3148810565471649
54218449,0.3094668785730998
54238855,0.7085652440786362
54240231,0.6238726139068603
54253723,0.989040756225586
54261211,0.9912035405635834
54271213,0.9337896913290024
54272337,0.8513813406229019
54272460,0.9984766244888306
54272819,0.1500794529914856
54272830,-0.9743868708610535
54277591,0.47875129580497744
54284398,0.9953762650489807
54289780,0.5074131697416305
54290668,0.8017251491546631
54299275,0.6689953148365021
54322372,0.7617752909660339
54332305,0.9139565825462341
54335681,-0.3426468729972839
54335933,-0.1781265914440155
54336425,-0.060734492540359494
54337769,0.9918164014816284
54338269,0.2665340304374695
54350719,0.480667644739151
54351804,-0.045207202434539795
54353099,-0.12770329250229728
54355110,0.8249569773674011
54356871,0.48745023310184477
54362477,0.4309608221054077
54373675,0.9920821845531463
54383874,0.3913768708705902
54389256,0.32689877493040903
54397404,0.45805486374431187
519199386241989834,-0.44865965843200684
519314828426209447,0.7865674912929534
542527202883898943,0.609019935131073
542779524445817921,0.6121720731258392
543373940689027438,0.09189108908176422
546410460403018880,0.879181969165802
547073896492780810,0.11075906621085273
547456846822018448,0.17320767045021057
547458963669574434,0.5655239641666412
547459393162654383,-0.083192378282547
547460545753425530,0.9701012015342713
548572203288859187,-0.9824637174606323
548937880436684920,0.9837470650672913
549074611941408950,0.39895195364952085
549665247545891692,0.9563867648442587
550291690267065063,0.4982241064310074
550551823696166083,0.6430970728397369
550864655775401812,0.3133347898721695
551166810988593720,0.592020320892334
554061362852459154,-0.9953170418739319
554158146353407008,0.7884426116943359
554252423098152325,0.8042508602142334
554720705351119155,0.9674428701400757
554879627214407174,0.9958273589611053
556178289154179778,0.498193684220314
556906634356939506,0.9988980889320374
557016059415228884,-0.14153029024600983
557695564624122853,0.5813065111637116
558561493915148956,0.5499597281217575
558627407177666539,0.682937910159429
559276478818036647,0.6178705751895904
559295745785319807,0.5797872245311737
559409651341386503,0.5995692431926727
559962492661669771,0.039634883403778076
560592172186883310,-0.19569438695907593
560594398916966878,0.4304199417432149
561479795492057173,0.43891549706459043
561494181700204818,0.9961931109428406
562008732117623707,0.9763970971107483
562013765004785581,0.9935281276702881
562277026579870234,0.6398366868495942
563732140813968431,0.7201144844293594
564296515659596414,0.562823909521103
565859679135632189,0.7578215360641479
566273683432456195,0.4957941621541977
566840392622749809,0.7403529018163681
567427351325547860,0.7626421213150024
567993477559399157,0.3168252259492874
568562148289009648,0.6583576381206513
568884786658081822,0.16499070823192596
569230140817044635,0.7308539688587189
569424088448559110,0.3581811010837555
569427182567372894,0.21228381395339965
570687360412691751,0.3472730318705241
570767468681359741,0.5748648941516876
570779736260888291,0.40588522553443906
570801335379053270,0.3291126281023026
570820190323323436,0.07178651094436646
570826289000782986,0.39885026812553404
570965192791961467,0.6074140876531601
570968973563009740,0.20354354977607728
570971832018239144,-0.0752436250448227
570975345861992366,0.7565050303936005
571111385749931930,0.08216555416584015
572085564542517784,0.9972848892211914
572356132550224235,0.899994969367981
572515572325771993,0.1262371838092804
573173801620258043,0.5189647644758224
573626939810455079,0.9913260996341705
573815232315830561,0.7581194341182709
574662716312554821,0.7834448873996734
575083884659165578,0.7071051001548767
575121304500807883,0.21018954515457153
576233812629811810,0.49314752221107483
576526554028698424,0.600113719701767
576700609204027399,0.3562277525663376
576705069305161297,0.9542488157749176
577232522459103098,0.6184527099132537
577385146486203078,0.9993666112422943
577863060912270129,0.7794941782951355
578056490676014259,0.5848811209201813
578156196960868596,0.22440893650054933
578762047341427662,0.6009509861469269
578801937728386540,0.7085691154003143
578939214120193119,0.5535600066184998
579378112223567610,0.48630851209163667
579379063695803482,0.9894253969192505
579528348474161977,0.9844772070646286
580968319146198949,0.6409284710884094
581007685568093925,0.3419732481241226
581927273227907911,0.8581425279378891
582345223868026097,0.6569325029850006
582353296358773013,0.21204196214675902
582370400932755868,0.8248530626296997
582402933365520034,0.7823125720024109
582531475266502154,0.3423300286134084
583457138439051549,0.8776401579380035
583731483491697267,0.794273728132248
584614603708379366,0.7903151333332061
585325237814388782,0.32271745800971985
585431782888062793,0.010068213939666748
586630605907103788,0.19676149487495423
587397501164341876,0.7974973380565643
587416641723755654,-0.9765967726707458
587543160992069939,0.6258422076702118
587674087074022763,0.9905302047729492
588756875739841546,-0.16150929927825927
588929645246209203,0.6551105380058289
588956379673980659,-0.16874486207962036
588968325876439902,0.7340625822544098
588970707657320571,0.16297078132629395
588982354986924850,0.5586828142404556
590378542425178804,-0.41023833411080496
590871691743543006,0.6708416491746902
590951686978052734,0.07110854387283325
591015992876578937,0.08858827650547027
591189957201567574,0.41601773500442507
591334365544137992,0.7360127240419387
592006887125327325,0.3862073540687561
592029041958203977,0.6036050975322723
592412169635539701,0.2410944312810898
592575039783078165,0.2641012579202652
592578299697367476,0.04995850324630737
592686469506371010,0.9985201060771942
593391567069819217,0.3077418267726898
593500107545076694,0.9844552397727966
594018725841860350,0.3430649846792221
594716419798241616,0.5977098226547242
594755087452334481,0.7126363575458526
594934813631072748,0.6004552066326141
595466193609620150,-0.9989336133003235
595466511286247239,0.9968799650669098
595564956738838642,-0.9890632629394531
596466722069344481,0.9905851900577545
596888141196919097,0.9718909689358303
596894954976069057,0.3215332967894418
596916055232829280,-0.9983119964599609
597088972714758485,0.7544782519340515
597645656217929045,0.5840022742748261
598353575500237024,0.17845426201820375
598548442046175221,0.10726719796657562
598984148916564659,0.5039675176143646
599002432407606540,0.601230365037918
599022780986156282,0.2299524128437042
600071191977568869,-0.189802086353302
600421722086795257,-0.14934922589196098
601360626300149465,0.803805285692215
602006673144749748,0.9963950316111246
602662211393948983,-0.9838601350784302
603253386210956370,-0.9067205786705017
603676857166162743,0.6060414433479309
604027445640370960,0.5474025830626488
604188927301721721,-0.04921159744262695
604211722595618980,0.9165564104914665
604220559551729693,0.35221874713897705
604351656710130993,0.13957726657390596
604471156035923671,0.6501219073931376
604706337489493872,0.9855037132898966
604711117686862308,-0.03332735896110535
604713026918068868,-0.9568695227305094
604719319615025280,0.07105522354443868
604720563280035321,-0.13371806144714354
604782787684103957,-0.03347442299127579
605448958456202765,0.8120647013187409
605462647175727424,0.9971075281500816
605517481014962475,0.9992590546607971
605529904068047384,0.6662419021129609
606550658883755672,0.8303353428840637
606901236194259347,0.8041130900382996
607061780055940117,0.0597146600484848
607767344809998307,0.9273556500673295
607792278493363066,0.9828250646591187
608007115718829855,0.20677748322486877
608306300933471779,0.848524272441864
608363124842033818,0.8048754632472992
608452913777614898,0.7677771329879761
608571310842108107,0.777326637506485
609038004257573821,0.11428868770599365
609191161799918066,0.3810834914445877
609291913993728426,0.5287646121448941
610112262601606173,0.2123885989189148
610204125122453300,0.2332177311182022
610581368139959087,0.6279471933841705
610615454269062884,0.8439218521118164
610643132408026328,0.22388602495193483
612154029529141032,0.5979059278964997
612275179116480338,0.5038424342870712
612683650155304807,0.3033452033996582
612703966814573921,-0.3511841098467509
612863479516631463,0.2626626417040825
613670153596230651,0.6626477725803852
613713913941066065,0.757948887348175
614123166538287313,0.33451907833417255
614225494965863872,0.023612353205680846
614264472039255071,-0.15965061783790588
614281814104079984,0.6535031735897064
614456012595793968,0.24428232312202453
614898820901887760,-0.4555709153413773
614920857125027049,0.7941313028335572
615018024980811308,0.9982028603553772
615038158510328204,-0.7866367697715759
615644471921776103,0.6079815983772278
615745602375931572,0.6051903784275054
616379152251620803,0.20289361476898193
617083425502771758,0.9926093578338623
617146794347002694,0.6120944678783417
617215961649150202,-0.02370260953903198
617787137493606155,0.7479321211576462
618027019369306709,0.7895003676414489
618578894243367561,0.5767945289611817
618653373034224795,0.2970279186964035
618670032466229319,0.7210741728544235
618711594093632933,0.07564900602613177
619203438783424659,0.35373201966285706
619323394339767915,0.9934467077255249
619904732161234035,0.5789869546890258
620086608067801654,0.4013226628303528
620088242028276613,0.9089779853820801
620291596079290672,0.6877133816480636
620833622248559539,0.41437984704971315
620854507098753246,0.5558842718601227
621625044247150468,0.9959458231925964
621641922008762502,0.5986751317977905
622330298505575178,0.8460989743471146
622901880791480787,0.7830681741237641
622987252117291372,0.8638497710227966
623168764976064185,0.5588878154754638
623570613470171147,0.47621266543865204
623762884071252364,0.9977259635925293
624495476286354601,-0.3876955509185791
624495710102153791,0.9996160268783569
625405559007236523,0.365866932604048
625433023333888427,0.2836334079504013
625780939513168592,0.9995187520980835
625781933187774726,0.9913446307182312
625830768539161277,0.7057449996471405
626719426671826443,0.6674812823534012
627385957534659034,0.010912686586380005
628040376425941939,0.47241597175598143
628067524535829216,0.6415911853313446
628076679698704536,0.6281792044639587
628121673859356330,0.9304506599903106
628251879223473033,0.6092469871044159
628754117116222184,0.8069640159606933
629270280175212319,0.7025588363409042
629416896870785109,-0.06059549252192179
629564371999328401,0.9978558421134949
629647480958420844,0.5637596726417542
630322431034745605,0.8507540106773377
630433852509961942,0.9713249266147613
630954617268159300,0.22171398103237153
631072824561440768,0.8022491276264191
631116125730012562,0.592499989271164
631149344240472387,0.2334031194448471
632246618183815952,0.6138734519481659
632481422229208015,0.5499049961566925
632535897246659319,0.5659832447767258
632986775245713366,0.8876638114452362
632995928008337735,0.3067283421754837
633705871335661820,0.4853473424911499
633724604014745943,0.5158927530050278
633941650414391754,0.7892680883407592
634582881309322864,0.5818696022033691
634872389359757893,0.41509976983070374
636285812100237382,0.6133872330188751
636503322419883095,0.27251116434733075
637049685726909235,0.3022946804761887
637316531712344496,0.11549213197496203
637447329309440754,0.6922427813212076
638127479957481089,0.6893827557563782
638315432041433075,0.5135936439037323
638700851865118700,0.984259980916977
639083098421841609,0.9010493585041591
639258370519830209,0.5737416714429855
639450063256980951,0.29458892047405244
639633509707189753,0.8051295816898346
639768606895123383,0.980026924610138
639879894700550455,0.4202272713184357
640368193385532749,0.9987904727458954
640958215190351335,0.7730517834424973
641051136859215519,0.7967926263809204
641052975613421344,0.26787214875221255
641084278385339663,0.7690475450621711
641964439012095488,0.5704364001750946
643224160298526891,0.5748825073242188
643991928163425923,0.9800124108791352
644033073386967421,0.9975720047950745
644590459609359647,0.7300582855939866
644720062837101894,-0.9606484770774841
645532588686450598,0.48637436628341674
646215476053913890,0.9825107395648957
647545744309409934,0.23688822984695435
647715766179689320,0.9977467656135559
648557655302987050,0.5934205710887909
648995642825760364,0.5023606538772583
649059340353017619,-0.13604450225830078
649316968207783497,0.5524718254804611
649324073194369518,0.3788125647438897
649689352064723486,0.5519208461046219
650472457971623548,0.9615968585014343
650812421058935247,0.9411000609397888
651128645633888334,0.3341691692670186
651159839466601593,0.7002384275197983
651240268542559947,0.6022417664527893
651325260309269081,0.9990786015987396
652580579225705913,0.7994630098342895
652605157919028057,0.7624291837215423
652677409364288108,0.7880396008491516
653416540004393835,-0.9972895383834839
653475027073091891,0.5524714708328247
653579010713904754,0.24183506965637208
653600999311886066,0.981544554233551
654006113967205368,0.29544404447078704
654035622630543720,0.1982949733734131
654175857922333102,0.9207737386226654
654221844985924828,0.9990267157554626
654292783170618222,0.8584286838769912
654402451692677912,0.7836629040539265
654404553694052948,0.601386284828186
654405629439613058,0.2995886504650116
654454014737000362,0.7149586617946625
654800269212254053,0.9997287392616272
654815344370780646,0.8640036523342133
654823389024552269,0.9995695352554321
654852525333387441,0.6680079868861607
654883151723015766,0.706850528717041
654885086783933398,0.9978580872217814
654951654967783177,0.0008799135684967041
654990141657989050,0.9853024880091349
655434946163886367,0.33551786343256634
655449064239107631,0.9997429847717285
655462208709835891,0.3738880157470703
655466351674873333,0.7525846883654594
655471213365947107,0.98024822473526
656486144142558844,0.9997714161872864
658032013487684575,0.5639097273349762
658036023795720111,0.8349162995815277
658171514285717169,0.4639301598072052
658308520560952111,0.5151126235723495
658567833545818682,-0.9983093738555908
658570374961978071,-0.32808466752370197
658572517525579846,-0.9031261801719666
659035084824440523,0.9989956617355347
659181520193243174,0.9114563584327697
659233048556514625,0.582326352596283
659324407297751944,0.7113012731075287
659327138159218759,0.43343435525894164
659442921311462407,0.01653267741203308
659761499563464039,0.6569634705781937
660515205974149786,-0.289421280225118
660587424789462200,0.7967038631439209
660608806984539593,0.7255551069974899
660716469509841302,0.7922520399093628
660807040651189088,0.8317260682582855
661301874610015049,0.08954431116580963
661302856683925403,0.4828995943069458
661425685902244854,0.9359915822744369
661512949567971901,0.6882510542869568
662187299095320426,0.5912985682487488
662796433222118223,0.021203073859214782
662858845440739818,0.9943816264470419
663011915430104845,0.7491951584815979
663070317381277775,0.533719515800476
663070872373235472,0.2567389249801636
664049079571615143,0.29798100888729095
664264787681780367,0.7991217792034149
664400046314651876,0.40986270904541017
664540237384534878,0.44876039028167725
664913388189633359,0.7140656539372036
664978557586226800,0.556304258108139
665597620340044729,0.8379063546657562
665619089973601220,0.6110606253147125
665652213279769813,-0.01109505295753479
665779283887880984,0.32119272152582806
665793277578309549,0.20435790419578553
667009837867645761,0.7566669046878814
668010041921079870,0.9246354897816976
668581772521794458,-0.7061163932085037
669225150709069311,0.4520770817995071
669585339860468848,0.8948285281658173
670017372273151761,0.006071358919143677
670697845810175858,0.5457751095294953
670833374471214659,0.6716080009937286
671012841869620888,0.4022093892097473
671046362365585916,0.572163712978363
671061178864611729,0.15773979255131312
671532006102068268,0.39228378534317015
671610787557222123,0.9996401071548462
671878778230634702,0.7989876866340637
671922047083209396,0.4498448967933655
672117207086661448,0.2931048795580864
672314223257163050,0.7787539780139923
672410508368365515,0.7460770398378372
672783943361537542,0.4573616422712803
673086899012440949,0.9963833093643188
673587023682632682,0.8798847012221813
673825831076337950,0.8489813208580017
673983726271050501,0.9913847863674163
674278756092310825,0.6148157358169556
674385033722002942,0.544724808798896
674455189674802728,0.9997377991676331
674455637920071209,-0.9854989051818848
675315788369492427,0.2065930187702179
675339112957666242,0.41515116691589354
675847371972315057,0.6164274752140045
675857600299394632,0.09688438102602959
675860126360387614,0.9855412244796753
676037231927082095,0.5011134892702103
676526332709209562,0.7000342011451721
676561319234048550,0.6121086716651917
676625270888392590,0.655610516667366
677350000826233317,0.49429063200950624
677358185229425939,0.990702897310257
677445865200752083,0.4680961400270462
678010832559975144,0.9982306957244873
678102130624357748,0.1995024263858795
678102180288253522,0.5490789890289307
678795993669112956,0.5786869525909424
679308714491504639,0.6072523355484009
679542816506831390,0.19755227267742156
679566200304814419,0.73464315533638
679589023187389016,0.9267355501651764
679832547793788256,0.7942221224308014
680087918031925797,0.5042273253202438
680172932437035699,0.48039656281471255
680222735378413656,0.7913900315761566
680231101942782232,-0.11451025009155273
680241140035459363,0.5918432533740997
680864784589301804,0.513134961326917
680882300091790573,0.5254296660423279
680882406249026194,0.23741242289543152
681027075602516647,0.3114051580429077
681166607414115869,0.03333860635757446
681167143258814842,-0.1863552431265513
681167674840155323,0.7843258678913116
681168200190621453,-0.037732161581516266
681168736250246945,-0.5361297845840454
681169225057555523,0.33581986129283903
681169984210709409,-0.9956367015838623
681170692557255176,0.9937942028045654
681171179870067975,0.9986972212791443
681644309912430606,0.8387831263244152
681665298566660719,0.7457874059677124
681774435511577931,0.9992811679840088
681870977604423146,0.3542944133281708
682602957391955473,0.8838295698165893
682609730674760749,0.34663450717926025
683621637077891173,0.26949550211429596
683714891336903981,-0.009987662235895792
683723373667046576,0.5759627044200897
683917637853207962,0.7437076270580292
684024098620078391,0.5059250354766845
684147994704172322,0.530816575884819
684513307440890030,0.7286798983812333
684691032383279149,0.9846868515014648
684767888617488852,0.9903292059898376
684947450049618593,0.3682608097791672
685277452049109288,0.4242830753326416
685320359829362392,0.5003894418478012
685363794097043559,0.7698481023311615
685377371030391640,0.5464736289448209
685384616151672492,0.6059238314628601
685390627236600631,0.11907850702603658
685419037465071068,0.30735889822244644
686122371800972567,0.35071665942668917
686235781130577229,0.9814409852027893
686676763235496823,0.08727842271327972
686767736797858060,0.38326350748538973
686953645954897132,0.4964315354824066
686979807327957061,0.7844367086887359
687329767101913510,0.8165298640727997
688274729214660238,0.8964794427156448
688840407817749054,0.5713275909423828
689525592344599201,0.18082230687141418
689572582214061828,0.30409097075462344
689791615229083257,0.7049591711589268
690167676664016708,0.20122438338067797
690888483154865051,0.997512823343277
691316890671775475,0.9980728427569071
691375063445826551,0.81818385720253
691744241751440570,-0.9028544425964355
691904733142116835,0.6084943175315857
691949917536677930,0.8474165754658836
692633678401735804,0.2959443211555481
693198666000360350,0.25383585691452026
693230473769991432,0.6623559296131134
693282944033720598,0.14562582118170603
693367686306931280,-0.8907605111598969
693498168239152130,0.5906797111034393
693533598863460927,0.4423628687858582
694102901514332791,0.1273417055606842
694242447460243715,0.6905673563480377
694251361090324074,0.4512528657913208
694629614545043061,0.6440128833055496
694670571352670381,0.3287514507770538
694694697953292704,0.9850702106952667
694829668457044848,0.6004898011684418
694836548072627910,0.4210959136486053
694842041372184706,0.4052868843078613
694866231782614515,0.31597940325737
694869129712819620,0.5634880661964417
694871656500803597,0.42107157707214354
694875625355377695,0.20631320774555206
695604362374045580,0.6894822627305984
696213228483917514,0.7992286682128906
696940285191052280,0.5722841858863831
697519490694888290,0.9765575885772705
697655230314049982,0.82922722697258
697690432679911902,0.9974774539470672
698156951616424140,0.8350990653038025
698404049860844376,0.7531646072864533
698529866407502851,0.59058478474617
698529907204464483,0.17977579832077026
699628754682804124,0.979785829782486
700777460473902569,0.19546091556549072
701092095485142616,0.6157205104827881
701197731461634354,0.11529481410980225
701230644442630002,0.456236806511879
702575892395002979,0.7976381480693817
702577993400335684,0.5776382505893707
702696772266022817,0.6534486681222915
702847812918297208,0.4028474032878876
703310853091134651,0.4247693300247192
703330822230914574,0.5283085376024246
703387809998624699,0.9963862836360932
703450557524302053,0.6013386070728302
703560585724974165,0.218541157245636
704282137778509607,0.7653032720088959
705040141098311041,-0.9866272509098053
705452941285552172,0.5507772564888
705834326490713899,0.5714147448539734
706055403145954845,0.9945395350456238
706150185819146790,0.9764438152313233
706369974333230480,0.9985811710357666
706477927365842140,0.14540001418855455
706920901641239991,0.8989093244075775
707032925471835880,0.7771485845247904
707249020051980334,0.5441848397254944
707595397755344704,0.9975790202617645
707642586979243508,0.9846815705299378
707901455368430156,0.9952564716339112
708698615721033688,-0.11586638987064361
708706057680245742,0.5949535012245178
708715989482111760,0.5991812646389008
709115064069419022,0.028734102845191956
709425132931039956,0.3333803613980611
709438706126714480,0.7899772703647614
709739963514948936,0.2818442791700363
709965811852440213,0.5532079860568047
710145377621036963,0.6180339157581329
710787954783786597,0.03267905116081238
710870932365113190,0.524171206355095
711458923512298490,0.1779090940952301
712098216291705515,-0.7598136961460114
712156209965320406,0.3298368255297343
712264970864344289,0.2600021094083786
712447294915316512,0.9962490797042847
713025066719102921,0.5888702869415283
713442700118886809,0.9857919991016388
713480689443817811,0.7428412944078445
713554496880081530,0.7897694826126098
713613858682553950,0.9337286154429117
714290660003734875,-0.9986440539360046
714986812270365490,0.9950498104095459
714987158163014991,0.7756562888622284
715023521038620284,0.7544982999563217
715093491466695232,-0.06434243491717748
715752764717617347,0.5662422001361846
715771129577395651,0.656503576040268
717042961723273811,0.19878629446029664
717073649465596699,0.417370468378067
718666698658367827,0.20731123685836791
718674408504438737,0.548493680357933
718676555613098111,0.7866135001182556
718678016828242712,0.6784508496522903
718679193558396227,0.4363067954778671
718679235810153387,0.3039083406329155
719398244763977197,-0.17395694255828859
719449649931967420,0.8752242445945739
719515412556474640,0.33996853828430174
719626415006899152,0.09068736732006073
719954545527482918,0.6001142799854279
720340484983626615,0.4266845924513681
720399757236536542,0.7356795966625214
720950257752992427,-0.9940779209136963
721124804722737322,0.8231123805046081
721438909949243650,-0.1131713330745697
721558180300380538,0.9386684268712997
722225795923031941,0.6117335140705109
722238458119883499,0.6907696008682251
723012468496278192,0.7538944840431213
723513519873745701,0.9857725203037262
723689110216769132,0.581030797958374
723818585076736155,0.9944421052932739
723820068165907998,0.9822448790073395
723821467218621969,0.6016163527965546
723924030105114614,0.4973105639219284
724492670018939873,0.09103164076805115
724492954228213607,0.15814087986946107
724536598360494793,0.4291388213634491
724576076101420077,0.22966869473457335
724661721307588938,0.08764846324920654
724664076091548489,0.4892608135938644
724850895816796739,0.9968026876449585
725921620543272951,0.7373929652902815
726119645441650796,0.9405277967453003
726470928911604270,-0.1808030903339386
726480498311417540,0.3906702995300293
726609490738471124,0.21085995435714722
727519412169464226,0.46534531712532046
727532829796730500,0.981175035238266
728259951549651386,0.9834094107151031
728816105168745428,0.5861706554889679
729438446966033082,-0.9894796013832092
729441331012142951,0.9995807409286499
729452317651997841,0.8023988127708435
730034988612580868,0.39368740320205686
730332031821426450,0.9988653182983398
730397351259003718,0.19139310121536254
730950968052476955,-0.18494133353233339
730962686100372482,0.7616138368844986
730981620179502055,0.9887949327627817
731130800716277122,0.7133360624313354
731144311312488786,0.4217049479484558
731530276488257576,0.4410812884569168
731556835161644083,0.9876996576786041
731729250804895177,0.6204146019050053
731743867708411682,0.7913142800331116
731859352636735768,0.856975182890892
731863551579292981,0.7645617326100668
732448876250177681,0.7338486045598984
733459906368213270,0.03648202419281006
733733607511275971,0.30185562968254087
733986491885811301,-0.030244886875152588
734431820325692317,0.14965350925922394
734558662637468795,0.5966525197029113
735249393384425357,0.5957832276821137
735566681297003058,0.7574642241001129
735579096269958186,0.29065086841583254
735583341681736367,0.1944189190864563
735588507288759036,0.36536900997161864
735592581298779495,0.6937716871500015
735596258461565608,0.3920430302619934
735606918482438651,0.02680675983428955
735963931244185165,0.529282608628273
736126615950655109,0.731888547539711
737312226688103767,0.9946202337741852
737362036773492928,0.9465593496958414
737375880706223260,-0.01878732442855835
737377625167664637,0.9956157803535461
737379792037802441,0.5246350526809692
737382032886651910,0.4253766745328903
737561591320155370,0.5917129874229431
737638759457853863,0.8957024961709976
737733558821071227,0.6085619866847992
738040603790759572,0.5989733934402466
739439218088064717,0.36951115131378176
739477559897678570,0.459008115530014
739538102186913615,0.21919940710067748
739666879402656012,0.9735827247301737
739672657470973796,0.5430070102214813
739683158282898222,0.9681771056992667
740367779346549565,0.8125360369682312
740465699132291399,0.9993848204612732
740957355112116626,0.5743527412414551
741114663418061453,0.9996160268783569
741115653567191685,-0.19074228405952454
741758748576667377,0.6153243631124496
741941690502211572,-0.19033443927764893
741997778619385428,0.32734119040625437
742675791758997056,0.9988024234771729
743240156119443505,0.8080874800682067
743249143492264019,0.30828291177749634
743597605094083152,-0.0634601354598999
744594597612928031,0.9978558421134949
744852968459716533,0.9799612760543823
744856173225563760,0.6660416692495346
744882324429923849,0.1978314220905304
744906154095037548,0.22280632853507995
745327972941099064,0.24604703783988952
745328454038004601,0.05462658107280731
746192930153671683,0.7229963093996048
746209212131264390,0.7136758480753217
746288373512989497,0.35414746403694153
746767172127004800,0.03834923207759857
746866056586370285,0.93004310131073
746900477966692117,0.984952712059021
747019068055094263,0.40409588515758516
747535758568766836,0.32672133048375446
747559439047792746,0.8005558133125306
748420862788055801,0.9714653193950653
749909052993946743,-0.983953595161438
749981329099391095,0.7286608546972275
750297460894497457,0.9977897604306539
750307421325623727,0.7956808567047119
750641861873647214,-0.1944538176059723
750780604677116312,0.9962038457393646
751247739278946237,0.5984631657600403
751261212906287515,0.7394213885068893
751385637913949100,0.38878342509269714
751957282421425966,0.07912346422672271
752192498799665496,-0.3843410491943359
752692244299925910,0.44965075254440307
752727756912870236,0.7820140421390533
754254435186666408,0.9562255382537842
755031141152516876,0.061532461643218996
755708899364758778,-0.34483411610126496
756306106469387904,0.5617984801530838
756469824073744922,0.9061009675264359
756532314650604100,0.2444165825843811
756910338882484594,0.9985822439193726
757101318179448827,0.23801257014274596
757698496420784975,0.8035789668560028
757708125127821849,0.763778167963028
758341226123133945,0.2443629264831543
758487869873809059,0.8029958784580231
758519856020373601,0.03303346037864685
759245422352926139,0.00031850337982177737
759297586356878919,0.8284541547298432
759305580160608882,-0.9354770183563232
759312566777205361,0.13993863463401796
759848790387413391,0.9158822894096375
760072416206736166,0.977102110783259
760105249748169950,0.5222618207335472
760159268197007728,0.5949521780014038
760744762144570040,0.6332535247008005
760750774319128919,0.9926849603652954
760895301938914160,0.9469919800758362
760899639073682950,0.37809514403343203
761268100605082694,0.6012170672416687
761288911278359230,0.65662815173467
761677339791157988,0.520801705121994
761677934864318052,0.26030772030353544
762050533594541200,0.3895058830579122
762114430327093237,0.9988095760345459
762117703372281653,-0.9550405144691467
762119621518402107,0.9992984235286713
762120755576560803,0.7926654398441315
762121948064403137,0.9991501569747925
762131694624536342,0.9947590430577596
762144529079208903,0.99774569272995
762151430227483824,0.9751229882240295
762153225411738517,0.9315659284591675
762154759757012358,0.999580979347229
762156687487040090,0.08059784770011902
762160104174380266,0.8168197602033616
762210108158530481,0.8536251544952392
762844924744270145,0.5834679782390595
762897504232884408,-0.6653182506561279
763042847253541780,0.5837678551673889
763087150367369252,0.3375250607728958
763110289355125508,0.38086155652999876
763117222233278860,0.5999963819980622
763117315517550154,0.5368922233581543
763121999379011925,0.23673938512802123
763127640427679630,0.7130099296569824
763157259674083606,0.7931288450956344
763162252634838386,-0.3772565066814423
763643361792962893,0.5125610828399658
764255517919030517,0.9832968413829803
764310768490247556,-0.08670490682125091
764357120417882641,0.7917725294828415
764980011969903889,0.5680300176143647
765277302393754593,0.9558494031429291
765626961174235412,0.7901897609233857
765675115632602205,0.9972231388092041
765679218806712520,0.9794186592102051
765922512092130971,0.324168336391449
766322133643442041,0.9997532963752747
766512766713762470,0.8493072926998139
766634182019302448,0.9969419240951538
766687574265401286,0.8871334522962571
766705215921692147,0.8251969158649445
767224621312323896,0.7983954325318336
767253866602165437,0.5042521029710769
767364475139732271,0.7965872168540955
767386237004168405,0.9739257097244263
767456993067207060,0.5883468329906464
767925322111417961,0.28338641226291655
767970063484516548,0.964198112487793
768047028067447323,0.4716365605592728
768129445764699440,0.9923867225646973
768158422680955565,0.8057949304580688
768167658559993699,0.9862948358058929
768488614637301471,0.08722458481788635
768825688261020889,0.0022596418857574463
769479305828378549,0.15307875573635102
769536647757118088,0.7934633314609527
769553357965168670,0.9933000802993774
769991645482691034,0.2226942777633667
770146547780329290,0.8692527145147324
770217143560889564,0.48305310474501717
770290152386222535,0.6986976772546768
770363645668031050,0.0571289598941803
770719943535288176,-0.9962975978851318
770739330500041482,0.5429482489824295
770937008111360190,0.48262426257133484
771041949776933290,0.9928861260414124
771054644438712258,0.9814257442951202
771121110281443663,0.025941386818885803
771403418374615163,0.7362878450325557
771992362305064409,0.5968461692333221
772575141939829857,0.24861541390419006
773017903095676532,0.991992175579071
773092268825482479,0.4832679212093353
773283231888504246,0.44538569152355195
773738834308222118,0.6909248054027557
773831345203609921,0.9092274010181427
773850698858732510,0.6764347314834595
774457385570153313,0.9650136828422546
774858157802197634,0.5719460427761078
775215073960761586,0.7311321347951889
775276153458766844,-0.006087213754653931
775291446295938600,0.32703087031841277
775343727350542493,0.3036760151386261
775389589892340699,0.808810579776764
775869335913102431,0.959630960226059
775870116447994361,0.5486309200525283
775939096696228767,0.32311898469924927
776627927303093403,0.9987307190895081
776885265195752342,0.5039264261722565
777346050087846772,0.5202707827091217
777358387769240275,0.6040333867073059
777945931911560912,0.6787912756204605
778093017746565825,0.4662263661623001
778140332058821356,0.017668932676315308
778163183828631144,0.980983579158783
778965857803258313,0.769244235754013
779118517105460919,0.7783590376377105
779381910818204949,0.9775937000910441
779488123961426569,0.03979151844978333
779534444710753961,-0.16431528329849243
780001660811770507,0.6193788230419159
780157308211978001,0.5743068635463715
780162170185946499,0.473689928650856
780289922464571359,0.8027633786201477
780455419906730993,0.8016322255134583
780528571533944666,0.8875235199928284
780548707678270257,0.5919287323951721
780620072532592949,0.7259853273630142
780843855557935794,0.8638252913951874
780858129039232604,0.7187054668154035
780896732579373175,0.0852833886941274
780904241960170609,0.7111319303512573
780935666397685743,0.9993196129798889
780959176261500030,-0.03759355843067169
780963174540186478,0.13770084828138351
780963270751700236,0.2681552529335022
781016199443984350,0.42105068564414977
781143029029171515,0.16092887818813323
781569838206466057,0.9552922674587795
781638322232002778,0.4261407057444255
781643931771873585,0.3884612023830414
781652384198617370,0.8781957692570157
781659185752510771,0.4225769996643066
781661803447355618,0.09459389746189117
781666433616823278,0.39074835181236267
781669352937323600,0.8736783117055893
781672102383476037,0.4494613319635391
781677706734601149,0.34480695724487304
781682102345367329,0.4493098424540626
781688451445546334,0.6015895128250122
781710627944065692,0.8528411597013473
781719773537259669,0.5742179043591022
781720408228264548,-0.15694128274917601
781723530361735463,0.14827191829681396
781736221853049426,0.007838845252990723
781753563659612119,0.6206896603107452
781761311177750173,0.9956469039122263
781921045071876366,0.826842474937439
783070374086646103,0.991484671831131
783091737375156193,0.9940252900123596
783092561924083656,0.4898614227771759
783184852165883434,-0.012510225176811218
783231962171538544,0.8318238258361816
783889895600643541,0.9834122955799103
783932905616771185,0.7004887536168098
783968198129608045,0.607540386915207
784007220443606286,0.7981478154659272
784198619431046394,0.5905088424682617
784246692642402480,0.4931277930736542
784512759441424377,0.05757222771644592
784695044775025374,0.7921663105487824
784813549791597151,0.9867945790290833
784838730876493328,0.769263768196106
784852076282362577,0.7831285893917084
785066144444638608,0.3859676718711853
785371342040541251,0.64089075922966
785408312055444715,0.39989293813705445
785417100157263296,0.38052159547805786
785530087722062434,0.7878505945205688
785630236885159641,0.5935500144958497
785904401445324337,0.42341548204421997
785904409969851078,-0.0009935706853866576
785959850292775610,0.14196166821888515
785977841861185928,0.34908556938171387
786726747712558072,0.9983024358749389
786739954215846656,0.4081620365381241
786985746818711206,0.8301694124937058
787028949953028177,-0.08074386790394783
787042989577090532,0.9655352756381035
787406003265390716,0.7254052579402923
787499787955240595,0.6543754011392593
787539008753231539,0.1998730182647705
787625263076248835,0.3985332190990448
787626794903590634,0.3956450939178467
787628072736334737,0.5208628624677658
787629136592896420,0.9672489583492279
787631185548354907,0.398174923658371
787753106881810045,0.005294901132583618
787761655482492386,0.64393709897995
788098940157787473,0.4844853490591049
788323541221041248,0.9977114200592041
788421679922948861,0.49142253398895264
788453396757948477,0.4839288264513016
788706619072692019,0.5599926769733429
789212560331358062,0.9780235052108764
790307178983477384,0.6861518889665603
790339067570171293,0.12941740155220033
790407274155895425,0.26206814497709274
790505871447578749,0.9233287142382728
790988077643158796,0.781060391664505
790989346448769487,-0.6931839883327484
791227694063300760,0.9885009050369262
791407437798005857,0.8963497698307037
791412305209278509,0.29231140869004385
791416187227149834,0.9627809524536133
791418807869273736,0.4430558681488037
791420192506798752,-0.030489589486803328
791421700941566960,0.6065259873867035
791423169726270533,0.4320110082626343
791428753104161157,0.4007721741994222
791430138853612724,0.7588742507828606
791431644904920800,0.490306094288826
791434347603517430,-0.21035806089639664
791881561739382837,0.6337701559066773
792076879890771713,0.0012208819389343262
792082920536629584,0.730673611164093
792103764353976498,0.08976095914840698
792187503102681866,-0.29342634081840513
792213026193473236,0.8020254731178283
792215238946010752,0.3855194509029388
792688637998288170,0.7932241082191467
793229082483256172,0.2200770616531372
793305464193330362,0.5968610882759094
793317215255091167,0.40989320278167723
793437130267371789,0.3741925597190857
793456124375600569,-0.13824849724769592
793576247263511779,0.7963164329528809
794121798459084173,0.6390267312526703
794808668598036376,0.4172083616256714
795037745458941891,0.8028635591268539
795359100225858331,-0.981881320476532
795564111248947928,0.22618638277053832
795585198513474670,0.371429185072581
796319211988098536,0.7859838902950287
796347626660284330,0.4172751665115356
796430209794203344,0.6618453651666641
797027931361543082,0.4856235682964325
797043597716246313,0.7458846658468247
797104517220626347,0.3972944676876068
797162062310800566,0.5424362301826477
797544922213259788,0.33478450775146484
797568544405416945,0.6664234012365341
797620335059392179,0.9990211129188538
797673017181835722,0.9929303646087646
798308724065971665,0.5809252299368382
798394330161364528,0.25750720500946045
798404361125706849,0.9806463539600372
798649244143080491,0.7531222999095917
799002084715355940,0.22640260457992553
799898345952843483,0.7654801070690155
799920559548946512,0.979125589132309
800152654295049234,0.0875383700643267
800833638459498538,0.5971376180648804
801227052872594052,0.7918690085411072
801241814184577735,0.4262521922588348
801335780175895680,0.8178924739360809
801477471959402342,0.668345590432485
801483751496281186,0.3324715296427409
801526773493715331,0.5259846150875092
801909318259948831,0.8401340432465076
802014307638703925,0.6636093050241471
802021244127095510,0.42153213620185853
802074696848465959,0.6900551527738571
802078874262797866,0.7857631862163543
802470546506328907,0.22650574445724486
802695518781247022,0.3846599578857422
802709529626783773,0.4760324120521545
802715793450778875,0.9433230042457581
802763149852572189,0.5963572442531586
803386988748740433,0.4289626359939575
805033201023063603,0.9943291544914246
805191250166883914,0.39859949350357055
805207191137195024,0.3984099566936493
805518269337809876,0.6876881510019303
805670890437693938,0.5110467582941055
805869477375789105,0.20668249470846994
806539873088384328,0.615471088886261
807368695303401979,0.6813683867454529
807379347965178983,0.42670578956604005
808037266108546299,0.9916970431804657
808375433011243023,0.9681006252765656
808390016600006007,0.4173549234867096
808401402891886051,0.5929154932498932
808427294361195740,0.6176584005355835
808438790409565167,0.7965712547302246
808472133251861316,0.6813266575336456
808504919748434564,0.962756085395813
808578349388120374,0.9344380617141723
808596175981948121,0.801358143488566
810004026289228941,0.004077392816543579
810079455459762397,0.9900255560874939
810665598359578542,0.547371244430542
810706496333002110,0.7299491971731186
811487097112874636,0.9803979873657227
812322955564734743,0.10526196658611298
813056375719021909,0.553171694278717
813462542159356181,0.4109298884868622
813545923026634262,0.47753182947635653
814467635208335040,0.6909616827964783
814527000424066315,0.7915718734264374
814586844114195732,0.5765883922576904
815073916014458585,0.7938683688640594
815144212666040479,0.650184154510498
815144452930900432,0.9146639883518219
815149958177597857,0.6484789490699768
815226196875214027,0.4038946688175201
815604825695007983,0.644432184100151
815867543303191633,0.9983938932418823
815894323522188585,0.796359795331955
816515438860601907,0.9808132469654083
816692021000545235,0.49002390503883364
816740016853742721,0.2766761749982834
817316794691168256,-0.4607647806406021
817955082385192678,-0.03236686189969381
818628467670988339,0.9217060208320618
818642860036024993,0.33905142545700073
818748499728913571,0.9807363947232565
818929787491270077,0.7155802994966507
819332907973834609,-0.9835004210472107
820107273780671628,0.01791200041770935
820131659585515301,0.043487554788589476
820192121015322294,0.765029352903366
820212024759428136,0.6069783985614776
820267424658045343,0.3178302139043808
820310683344726971,0.5879313349723816
820751649978614618,0.2034124255180359
820858049963401156,0.9724563757578532
821138519960867774,0.9988807439804077
821664495494467005,0.6105585187673569
823088971839177206,0.9614306092262268
824479617590648053,-0.011099479028156825
824505712195685394,0.9891531722886222
825031102308698861,0.3640877366065979
825137327670054212,0.5978092670440673
825290416427209001,0.48410058617591856
825845256365482426,0.20961279273033143
825955747813852225,0.40370449849537443
825959167351537993,0.8052331805229187
826172693860517503,0.21570972204208375
826701006704166022,0.34419983327388765
826852945749647602,0.9976368010044098
827402796407955175,0.7419152975082397
827412251819410833,0.6081261157989502
827613719047786004,0.7906512022018433
827934913791459771,0.7286181913481818
828052918811367210,0.2146458923816681
828931739652704874,0.6013949811458588
829066927890451042,0.512880489230156
829570475390223830,0.0030505359172821045
830401157551819904,0.25153612345457077
831023985652999640,0.9528887420892715
831032783553253268,0.05398446321487427
831848086705907349,0.46283698081970215
832376475292909366,0.7889687180519104
832459302951935211,-0.5863882899284363
833080576377825229,0.6006677448749542
834087564438493307,0.8055168787638346
834766559676475585,-0.21251819431781768
834791043376968854,-0.8805458545684814
834879489641580477,0.804963481426239
835471484776025571,0.844302949309349
835936507171192594,0.9888027310371399
835954437990742927,0.6855697840452194
835968588246369697,0.6266077697277069
836040621963160203,0.4328343093395233
836043140652688062,0.578879714012146
836043186731328312,0.5966374695301055
836047980567538318,0.3672394037246704
836049026530769749,0.8035261988639831
836051357978249223,0.3926713943481445
836053075647556194,0.1562073975801468
836053919613385519,0.22950204014778136
836055793566232550,0.5699497312307358
836057789569331819,-0.0415296345949173
836058747512694147,0.5992422103881836
836061575832072787,0.6132379412651062
836062365128265268,0.6627432018518448
836078001708176013,0.8995837301015854
836099615103715121,0.9803531467914581
836729384368341873,-0.958580493927002
836854291861059409,0.5057125985622406
837514735126382244,0.8823425769805908
838006542163710717,0.9996451139450073
838222544667568403,0.49495574831962585
838238630870550981,0.3341159224510193
838256888226782965,-0.9822831749916077
838265606913132097,-0.3550955057144165
838303466146173735,0.8037566602230072
838306034391751134,0.9933863580226898
838313307845841537,0.3389360507329305
838325823184132406,0.9992865025997162
838328627722862401,-0.03847041726112366
838334210686792157,0.6053172945976257
838336741082320932,0.9989533424377441
838341989081945325,0.9934608936309814
838821080842932343,0.31461814045906067
838826863474695004,0.02255338430404663
838832810634154810,-0.9945980310440063
838836832989393094,-0.48274990916252136
838877829199840580,0.9951100707054138
838974477925134553,0.9964043021202087
839053399865556172,0.6145749151706695
839183159368353905,0.44485216960310936
839543645833178795,0.6074743568897247
839752826754423678,0.9986793398857117
839907065922283218,0.523141834139824
840468514415682994,0.7911674678325653
840472851742252523,0.21628991961479188
840491373295038803,0.5041244953870774
840506617371992832,0.5834550499916077
840520179920768492,0.9472910940647126
840615146013580387,0.9993767738342285
840967496826505965,0.9797586053609848
841774685907534379,0.7532627642154693
842048352545163692,0.7516259625554085
842178898555914274,0.7199372172355651
842883037233222904,0.7908368945121765
843140883076114131,0.9944996237754822
843211411867273533,0.6021052420139312
843549895333683019,0.9959771037101746
843619881946592888,0.20250726938247682
844010395905000037,-0.006948882341384887
844018382006224828,0.9697427898645401
844021815990510730,0.9956539869308472
844082901090572222,-0.49857962131500244
844154455422756845,0.7954442203044891
844157574922197793,0.9801021456718445
844168118693041719,0.2629885792732239
844506055972471200,-0.8704349994659424
844541947220096444,0.9852378964424133
844671563642274432,0.5964124143123627
844810103486365222,0.4063389003276825
844849410631561271,0.3616692662239075
845298338079173601,0.9990315437316895
845438708256110131,0.014710962772369385
845498752889866883,0.9795623421669006
845500545006914180,0.99323570728302
845574997823534533,0.20562846064567566
845600110320937862,0.4450184851884842
845609487397851213,0.9973109364509583
845615066381906040,0.17399673908948898
845616615657084686,-0.22912734746932983
845618497348275200,-0.1429811343550682
845620420724228691,-0.9464533925056458
845621996792550189,0.6146514713764191
845623878523367364,0.9900764028231303
845646911248128824,0.9947765469551086
845650041873984265,0.35049266474587576
845652042712858350,0.39930523931980133
845654255275293756,0.5960594564676285
845657725743086653,0.9990178942680359
845663669219598094,0.13263630867004395
845665308362309475,0.9505668461322785
845666003388998440,0.1230931282043457
845668104541391059,0.9401577413082123
845680209674215592,0.3794010082880656
845685998221823177,0.6504203379154205
845688190055887373,0.0033950507640838623
845692719438673441,0.684316024184227
845696534052814237,0.19179010391235352
845698770386148159,0.8965620696544647
845703468329951295,0.9977601170539856
846055056560959086,0.5185716718435287
846438825708960974,0.7771482825279236
847079878464693658,0.9939998586972555
847143230447829448,0.5106968283653259
847179229958834098,-0.9983576536178589
847189439834806371,0.9996283650398254
847202505415018451,0.6516000896692276
847539133145581826,0.9897345900535583
847561025414065702,0.6357931315898895
847674832879527691,0.4347697824239731
847688692597902442,0.7870219945907593
848298877708928607,0.002890676259994507
848612710121833689,-0.970441460609436
849024627261270458,0.8416921198368073
849076346689324211,-0.9440460801124573
849769483125857173,0.35519846975803376
850389819616998622,0.9825427293777466
850790815010019260,0.7027439206838608
851462113418548252,0.0039505064487457275
851478176765456627,0.8352844297885895
851896506481138462,0.4441408336162567
851981123095864836,0.9997198581695557
852622067887345186,0.7190725624561309
852717802318009328,0.006425946950912476
852866802422039352,0.717753067612648
852875743259391712,0.6552306413650513
852947577371278302,0.747430756688118
853301135721619828,0.996136200428009
853420886933712384,0.9699648171663284
854159759914410049,0.993701559305191
854175709834644527,0.04845398664474487
854182662536919838,0.38413287699222565
854185861083819474,0.7545893080532551
854190222753852987,0.40058677196502684
854193195320062821,0.502855297923088
854195074825420328,0.6313230186700821
854250736027431747,0.9971786141395569
854272976951192911,0.7956093192100525
854392808349635676,0.7196211457252503
854416825698300057,0.40554333925247193
854785210988403272,0.9994353353977203
855569210527469353,0.9950900077819824
855620006616589508,0.9997000694274902
855843905897308065,0.9928199052810669
855954173397607887,0.9723242074251175
856279463070339076,0.3525972498787774
856320464987862434,0.45218040943145754
856328549290305519,0.6256288290023804
856389149274629242,0.6865835577249527
856603287235098675,0.9876806437969208
856622223629366342,0.8555682212114334
856664749010430105,0.780674397945404
856957975797390643,0.028760910034179688
857035648208878242,0.998724639415741
857042650796837786,0.13337264955043793
857285508547639308,0.431564724445343
857288472276400142,0.03684799075126648
857770922699367888,0.20503628253936768
857883991063272080,0.6068162858486176
858319671110080493,0.6153198719024658
858672442798002329,0.8327364504337311
858747086040079114,0.4326210618019104
858750087063102348,0.5125139753023783
859050470714207295,0.9355395466089249
859171920294287842,0.09687309861183166
859238320102096250,0.9961642861366272
859401514126197278,0.09241416752338409
859527553404796024,-0.3069416284561157
859922416131453102,0.8018484294414521
860297490612201319,0.19485670626163482
860568234865537327,0.3375494360923767
860936929194077275,0.36030711730321247
861300335465771990,0.16695952415466309
861415645635271886,0.38850382566452024
861415693419164143,0.9705948293209076
861468755121730456,0.6470714807510376
861811861709942412,0.5489519625902176
862354202890016591,0.5904900365405612
862890371093664020,0.41655621528625486
863104053459220371,0.7545022189617157
863490066319111080,0.9760830104351044
863697093786618727,0.14950941801071166
863779460869229420,0.7035550564527512
864270473685494900,0.503956064581871
865033472881321529,0.7963792622089386
865144151920467704,0.23817700743675232
865640749545746936,0.5284875759056636
865662169808125611,0.6643547202859607
865670126769944093,0.6695640782515208
865699487348007676,0.018768608570098877
866345361704504290,0.803265780210495
866799243774200184,0.7487194210290908
867404061797132069,0.271388503909111
867740536364551150,0.9192737340927124
867740548384480519,0.39892508728163584
867899999485139053,0.6089723765850067
867902629491039834,0.5803333461284638
868566520048617758,0.9703704357147217
868632912561116367,0.11146632432937623
868877643792085471,0.9966093748807907
870011175868316196,0.968369996547699
870898638002483724,0.5405588001012802
870939487183075925,0.3658691512213813
870958001365731977,0.570952707529068
871076770883572678,0.9892523288726807
872166585292847371,0.01182805299758911
872330670940593929,0.005868059396743774
872340239676722901,0.44925389885902406
872346621633708895,0.36244996786117556
872352755215185502,0.40987029671669006
872357284949731558,0.3291523575782776
872583113688048433,-0.45747728645801544
872836890371907647,0.5941593885421753
872839504931897100,0.7876685440540314
873166139852352956,0.6079027473926544
873169458802098198,0.6125393629074096
873266063316519249,0.9499239146709442
873980679182022111,0.6837512642145157
873983743765263798,0.7214474380016327
874576934588431467,0.623080950975418
875309445601895601,0.4256191313266754
875334978544306871,0.9625560462474823
875716822155760122,0.7687681615352631
876084163367794374,0.3723452419042587
876128973819095991,0.4240158975124359
876543418525188289,0.999366044998169
876608135062418881,0.610663115978241
876629984259152537,0.5862551271915436
876749200065485742,0.561970329284668
876862845039178215,0.4049630999565125
877205137450588720,0.9876547515392303
877263244918496427,0.7939410984516144
877541441941235138,0.4224928796291351
877951528955676367,0.40051804184913636
878011965830934978,0.9545925259590149
878044851401067926,0.9881841242313385
878054228681958773,0.8561689257621765
878775949245460009,0.9868152379989624
878859329393555803,0.7476433292031288
878952717731319969,0.7061780005693435
879026226010408097,0.9781291484832764
879381740449921306,0.1944323480129242
879501718377055540,0.1931590259075165
879524284252318166,0.0024868249893188477
879552684944400807,-0.08767330348491668
879601155869825414,0.47995951771736145
880151076014914303,0.9595433473587036
880168016392260068,0.6885019779205322
880218358164589446,0.6578075687090555
880374032873373167,0.9876976788043976
881114141781570493,0.9917683005332947
881157260349058102,0.9979087114334106
881592033857746047,0.6815187633037567
881727426027617134,0.8296134889125824
881993291204129160,0.7694529592990875
881993640298182581,0.8126063525676728
882372743810613001,0.03008037805557251
882392428129528227,0.41249998978206087
882442151814305132,0.3328399397432804
882462481707807302,0.21268861889839172
882505435490691866,0.9996735652287801
882639330057162671,-0.15747522413730622
882726292825721588,0.5051694631576538
882728938581313592,0.8698838278651237
883011265291837454,0.6132575273513794
883035776218189563,0.8724291920661926
883059370430061193,0.010361790657043457
883061267312368975,-0.9968641996383667
883063909555045610,0.9344886839389801
883084020708193306,-0.8796678781509399
883094455512336173,0.9940714041392008
883106003108774570,0.5984008193016053
883128774435993558,0.02729150652885437
883141540089642622,0.792286604642868
883718939172842388,0.1348804235458374
883776107636623539,-0.01869323253631592
883786956944089019,0.21615934371948242
883811644656438881,0.4163084149360657
883835445679174664,0.17955147102475166
883844813759154573,0.5315703749656677
883855284158677659,0.7471810042858124
883931943795460579,0.2793141007423401
884434577606082496,0.1853549599647522
884451503129559653,0.5904707491397858
884481635588464420,0.4807911117871602
884481893578821453,0.5908208370208741
884599294692113776,0.5905779957771301
884604041023511248,0.962693472703298
885579902121702276,0.5991586685180664
885999793899137326,0.003598034381866455
886038915656940910,0.7093142100742885
886052718153645324,-0.29614240676164627
886336627257740602,0.9684744874636332
886685080023162979,0.2023554563522339
886775384687996758,0.8985169927279154
886788682612035988,0.29086047112941743
886991723175499333,0.4368571400642395
887025834334177814,0.524159814630236
888101550513392918,0.561886191368103
888140470425520354,0.9766755819320678
888414519209807986,0.5322630604108175
888602332156762834,0.8047527074813843
888821472803419780,0.9888951778411865
888849513496249995,0.9860791223389762
889451574503970094,0.9952584845679147
889532835106083171,0.9441967606544495
889570821098911738,0.9975396891434988
889664939944000489,0.09710176587104798
889853507530477935,0.20288236141204835
889956815234702977,0.5954267621040344
890224843273826252,0.796711403131485
890462142583996804,-0.38074735800425213
890481440053533375,0.5117490828037262
890484190310096992,0.44080087542533875
890520406833399537,0.40321768522262574
890566470770768925,0.8898140698671341
890576681751844718,0.7246786773204803
890582304822785721,0.3692114591598511
891432288580421628,0.4372531771659851
891717112324636566,0.43779429197311404
891829270472114221,0.3825694382190704
891936238393454637,0.2189166396856308
892558231283315181,0.593139476246304
892571968409015861,0.733295077085495
892815303717558378,-0.38668957725167274
892895494251648596,0.774793267250061
893276868262278941,0.9851433098316192
893287823374477859,0.5896201968193054
893411846347538970,-0.13529193103313447
893469225640134398,0.4429998278617859
893473024857013195,0.24684443175792695
893482787184486784,0.990949402252833
894151090918592123,0.7229371756315232
894630841067627732,-0.20499482452869416
894667088696410698,-0.03447989821434021
894853580373694222,0.24429413080215454
894859168235415150,0.31219801902770994
896141652868165150,0.4103258450826009
896220245686501263,0.3722089429696401
896311604732252747,0.671663099527359
896378596137645501,0.05275890231132507
896383877134198891,0.9686394155025482
897162174081439516,0.6317305028438568
897284483728575636,0.9901230782270432
897713032143054636,0.7522335231304169
897759437096565285,0.022577792406082153
898339537543087225,0.9984843730926514
898339587305763857,0.9898055990537008
898339676885264009,0.9875817745923996
898486031825892027,0.9967849135398865
898488745318179453,0.7419735997915268
898535177916770120,-0.1822149097919464
899090235864867518,0.21134223341941832
899115419705677063,-0.2719468871752421
899118003113161684,0.3948768973350525
899175132054147307,0.9916021625200907
899196617598733537,-0.9926426410675049
899212971462632735,0.9142066538333893
899640877356991364,0.9997654557228088
899647838539409241,0.999387264251709
899734695329681805,0.6671946247418722
899830686967767709,0.3784771226346493
899947991074436982,0.8874856978654861
899967409165980332,0.8085585355758667
900144080657341296,-0.5185315608978271
900470027962201406,0.5132583578427633
900643412823029804,0.5762020438909531
900675074926628578,-0.29848261674245197
901436285744151164,0.1954624891281128
901948212660108671,0.4034999430179596
902098572928446315,0.720426653112684
902625062181085845,0.5977701425552369
902687994709937047,0.8011633008718491
902805259002033364,0.6038209855556488
902843098733312765,0.9906588196754456
902950342301839935,0.3462129831314087
903538789536090029,0.9877714455127716
903572004938689111,0.23095756769180298
903683688140063479,0.917862993478775
903735299658290254,0.6099290728569031
904161732463534688,0.9989108741283417
904198528758367476,0.6244490623474122
904227992905481881,0.9958057850599289
904898227950442938,0.012980520725250244
905469416091688238,0.48086350560188296
905656852581760746,-0.5663042068481445
905745713509574136,-0.03930947184562683
906445897668339998,0.9920043249924978
906575636123234077,0.5967743217945098
906952419670621759,0.9913831949234009
907085897378016286,0.8282133539517721
907168036730587979,0.5107463717460632
907177105795089197,0.9716194868087769
907281312595185495,0.9786378741264343
907672772796598779,0.20491397380828857
907937695733096606,0.996937096118927
908003817766104250,0.9977630615234375
908370879492703015,0.798058032989502
908412866100066800,0.35337126553058623
908510175541172660,0.3634572058916092
909082712290253624,0.550211301445961
909336277499108386,0.9783224910497665
909443120550011473,0.9996991753578186
909587374166270041,0.4004509627819061
910703166070767339,0.99826580286026
910756195440687919,0.9778803706169128
910788616259124504,0.8676557801663876
910841596972308758,0.7993503451347351
911283400357881091,0.785647714138031
911320357783783296,0.681315507207598
911333200485999212,0.7819696664810181
911384435287892595,0.3406015634536743
911457384448250244,0.21731840074062347
911462803473959689,0.9982452690601349
911575361643106674,0.818084442615509
912001387636806902,0.3371456464131673
912123568303437836,0.8456024438142776
912223475030654441,0.6393877029418945
912272802284977297,0.41906445026397704
912792956354810231,0.7863347232341766
912815998947398864,0.379450660943985
912822736628401381,0.6377204865217209
912833457986899224,0.9249200284481048
912894339581558136,0.998568594455719
912914877671238333,0.9530439794063568
913101365656579008,0.5931594550609589
913142882251829454,0.6789910733699799
913395913891175868,0.6993139237165451
913409543080789024,0.7991907894611359
913424101076893330,0.3850147485733032
913638944962308672,0.650357723236084
914189730797405116,0.6116538047790527
914205744593290213,0.7605058431625367
914213819532352174,0.6648162484169007
914275070499794102,0.9943853318691254
914275092451234873,0.5770107626914978
914420335459025932,0.9807042214605544
914900944737534418,0.6090484023094177
914996023983251002,0.7389684021472931
915037642141017873,0.5455787271261215
915060227780385067,0.5986395180225372
915866005918334438,0.997312143445015
916012754680956726,0.6592974632978439
916444607788501611,-0.07062792778015137
916547583327600475,0.41658076643943787
916558403854297137,0.14770651161670684
916575037131596868,0.6136638045310974
916714178377821914,0.5606713056564331
917144281173749112,0.8348838806152343
917204418954373352,0.7042013832501003
917283020896490423,0.45053793489933014
917832486244741569,0.3815308094024658
917843569566981138,0.33656605184078214
917899690097535578,0.7275632858276367
917934827618272440,0.3852474868297577
917965541187895403,0.45880602598190307
918050805364398866,0.9914831697940827
918514261372412148,0.9062349498271942
918522117295702082,0.7675019966231452
918592270355268225,-0.9737092852592468
918733211098711610,0.32781700293223065
919318672725988982,-0.587281122803688
919322975657144805,0.8008605480194092
919403244464474091,0.9970520933469137
919625886325061375,0.016244804859161376
920147889327108266,-0.183580881357193
920209971834203156,0.9183870752652487
920891932590642179,0.9882889986038208
921506578559041816,0.5797991871833801
922195696464605195,0.9980679452419281
922244920540943495,-0.02128118574619293
922279661682591548,0.02974228858947754
922378367185151724,0.40325729846954345
922399929912166822,0.9762664556503295
922404047049073200,0.6263072848320007
922497160897824300,0.5755966126918792
923037055683826581,0.7573140084743499
923039195130390912,0.7855461716651917
923039588739426148,0.4603839576244354
923044325741146151,0.7813879638910294
923116752932066943,0.7127044856548309
923127041117097774,0.8157796293497086
923570239722289058,0.477257439494133
923694547962125347,0.5959223091602326
923828353317032295,0.9370466023683548
924381645990461983,0.7161193319729396
924391410727663854,0.9983779191970825
924394130908937905,-0.8063243702054024
924396699324720973,-0.3453647295633952
924399113994597163,0.8200965736593518
924399301528898610,0.3437817841768265
924401616129261191,0.9990330338478088
924402641390370264,-0.9817907810211182
924403700478804792,-0.005980134010314941
924408648679866352,0.31162981390953065
924420463101985334,0.014321878552436829
924421459483108032,0.899052619934082
924554883382595663,0.9567774732907613
924715787992446605,0.21439251800378165
926043931087064376,0.7552629292011261
926107984090228309,-0.18104739785194396
926528229027113366,0.41083230291094097
926897967295437768,0.4600892492703029
927323020961045604,0.5533159732818603
927333226735940023,0.22320250868797303
927339261593951595,0.0014847725629806518
927422322172202945,0.9989200949668884
927656533300967570,0.8043444871902465
928014710443580867,0.36424805521965026
928036266683510020,0.9901763677597046
928322410065731152,-0.01881522536277771
928811979456383980,0.9941243529319763
928823397203262360,0.9983338117599487
928847479349972934,0.26211812496185305
928860266133858898,0.46843484938144686
928915403491939570,0.38810562491416933
929021881812937038,0.769170257780287
929054336146117906,0.39352518916130064
929123792864170310,0.5730562508106232
929343342592785245,0.010371506214141846
929685904270456166,0.993177056312561
929724470288008940,0.3578988492488861
930122943730479980,0.8933074921369553
930137394579180114,0.28856811225414275
930198412972943274,0.8146452307701111
930945450719504211,0.6087530493736267
931543165658132582,0.9997275471687317
931978706629267634,0.2126162827014923
931979825236498990,0.9962613752910069
932318873342333786,0.9248706012964248
932328113624736926,0.5896024346351624
932380903882435996,0.6669036249319712
932579529640262504,-0.1606741944948832
932688399957845398,0.6602055221796036
933411858162800044,0.6576326757669448
933421907838550177,0.7986100614070892
933795298450498735,0.42307148575782777
934496524877196457,0.5996322095394134
934721496939785380,0.44298718497157097
934843666037573865,0.7938930928707123
934903213262807042,0.8345910489559174
935353673669553971,0.6127458035945892
935542939917610880,-0.33953686356544494
935565806050110725,0.9959526856740316
935868249440781161,0.6716884175936381
936149383574005956,0.9349160224199295
936646890057297765,0.5908119082450867
936787324682765367,-0.8997687697410583
937300074324727670,0.9985499978065491
937510902843291632,0.5604232400655746
937588713951911247,0.3767320454120636
937639795074810625,0.998321533203125
937715035872408040,0.44799354672431946
938184857128244457,0.7399314880371094
938763714245417816,0.36610780159632367
938915894171409642,0.6326295375823975
939040510488273910,0.7408851534128189
939123714377740996,0.6369365528225899
939688925420566312,0.07543643116950989
939703806074041200,0.3276953250169754
939795888140133992,0.6085716545581817
939881830195545447,0.8543222665786743
940226145551579313,0.8652297258377075
940332667705938651,0.8440316677093506
940396349900795532,0.34893402457237244
940454402917800121,0.5279754489660263
940471232065639120,0.21136767864227296
940618785922685218,0.22640467286109925
940632178635832924,0.8792005479335785
940695935054014056,-0.08664170652627945
941335750774083270,0.47338457107543946
941753888419337335,0.9909944534301758
942009426705562842,0.2148706316947937
942019300264761255,0.5440815806388855
942475649719571188,0.4157275915145874
942788323590687670,0.7929232656955719
943172429175293522,0.5650016248226166
943225561242168174,0.3389288570199694
943240885846761020,0.15283817648887635
943255213784917189,0.6060125768184662
943255315169586746,0.7694957613945007
943504862740777002,0.9591024398803711
943905402362002890,0.9563315212726593
943945199566110174,0.9432954132556916
943961712600050243,-0.3086184660593669
944213650618679309,0.979152774810791
944650894256288024,0.7729712989595201
944656493748814304,0.6862062513828278
944674172784968012,0.6837909072637558
944732706629207815,0.7224474719592503
944814913765316176,0.4964480549097061
944818730196032069,0.9996791481971741
944818845727012911,0.1987838327884674
944958340928136966,0.8285690605640411
945015834782451534,0.6524788022041321
945042352383629855,0.5157849699258804
945249368450299152,0.9955857793490092
945317426663577807,0.8049812376499176
945370107095701956,0.9988712072372437
945382151408482639,0.07232860156467982
945529866664868180,0.4259239605494908
945549175691797070,0.5952469885349274
945770347051424252,0.9972108006477356
946421642943369383,0.9754704117774964
946493557395878957,0.31638655066490173
947200638893172258,0.9990196824073792
947541511725667819,0.9956561326980591
947812478167043280,0.8069454431533813
947954499034442665,0.47501762708028156
947967766859350120,0.9969735890626907
948244887923137154,0.9917065799236298
948261818948147336,0.4693362474441528
948267924391869384,0.7854425728321075
948399374499508416,0.9995463788509369
948423392188053767,0.9690261681874593
948516140563178000,-0.03955890834331512
948991807741346465,0.835520350933075
949073315378501083,0.5754414610564709
949141850927498810,0.2094019889831543
949718771608970121,0.9666079580783844
949718771876475820,-0.2554975748062134
949718773252299645,0.9633665680885315
949841054855979937,0.7658081412315368
950432543277160585,0.8448806007703146
950435352385190460,0.5970731139183044
950484543540906422,0.8256498426198959
951262983972643052,0.9857541819413503
951341138033526433,0.9747888028621674
951460005461452737,0.9921498199303945
951797609398390189,0.48021481434504193
951928272132449888,0.36545718014240264
951941409242621745,0.3992330729961395
951959102560725847,0.3940726935863495
951960646045075172,0.789454209804535
951967696924742859,0.9746481001377105
952138528978290816,0.993763267993927
952271434201546751,0.9467810869216919
952312494005147522,0.375990504026413
952328007358505658,0.9928373843431473
953363842746889830,0.9993301928043365
953435239930106641,0.17064930200576783
953506582317592416,0.37394386529922485
953529258649979997,0.9166145652532578
953973320535904194,0.9612517952919006
954062153746233823,0.40099333226680756
954107054618271202,0.7873232662677765
954189391529762999,0.9247576296329498
954346473848555689,0.7865067541599273
954375954633095604,0.4595559358596802
954442287501791565,0.1573682337999344
954953245985370619,0.38288202583789827
954999547569656118,0.754854553937912
955008930502167383,0.6757480829954148
955030379817464194,0.6152927875518799
955052106284747180,0.6155249655246735
955084325228670063,0.4775752604007721
955111389102429827,0.5374841421842576
955112123312440115,0.6000638663768768
955295854124831155,0.6084869563579559
955321141353447657,0.09253968000411987
955347297091239749,0.21741124987602234
955364568205106879,0.9703156411647796
955554172383958699,0.7682189404964447
955555450463765868,0.9962246358394623
956488003103130677,-0.02449434995651245
956602313599110587,0.4258991003036499
957091836471766030,0.08759079575538635
957394938623018878,0.4389456331729889
957790395604546311,0.9828880429267883
957914217447967724,0.2923919826745987
958030235620162256,0.7234871312975883
958357946000149216,0.6779940923055013
958610605114010919,0.8430235922336579
958632464081315148,0.3520633727312088
958632842299667415,0.20223998427391052
958653865752294707,0.9985277652740479
959125902868895082,0.2740634799003601
959291733865151000,0.5796703219413757
959402720708760442,0.5945767879486084
959512534968797966,0.535664074950748
959970435767063353,0.025711816549301148
960208374176593460,0.6202805787324905
960225085041262435,0.6963193118572235
960706643778645534,0.3008161723613739
960882086378254847,0.6960415661334991
961328408378635594,-0.9794090390205383
961373739909654946,0.8018765270709991
961563920404440519,0.994515883922577
961676753048887370,0.9945592433214188
962224114259234503,0.5363872736692429
962443446100167611,0.049338352680206296
962471245939248890,0.9890621999899546
962495461005197565,0.35729123651981354
962720881881235825,0.371190732717514
963113468597376545,0.2084449052810669
963747869660793717,0.9856674671173096
963802639336516015,0.34324780106544495
963889988110323448,0.23840636610984803
964206565905955937,0.528613703591483
964206728051684721,0.9578149795532227
964910677727099909,0.08991140127182007
965026754432389261,0.7297524780035018
965282187428738008,0.3619421310722828
965666851344101952,0.9825251519680023
965680144709995685,0.5018243610858917
965782566393377035,0.55130375623703
966248786914006754,0.6002265691757203
966619752770561707,0.7786792576313019
966766981967345867,0.07853938639163971
967232027165859875,0.3755872845649719
967441931497788090,0.9942352374394735
967855488147124220,0.9982101917266846
967892972287060595,0.937760571638743
967900700449785427,-0.00467914342880249
967932938461647469,0.41488116979599
967943364650026595,0.9726942837238312
967966285447665655,0.9988942742347717
968043338447683315,0.32709627151489257
968109894249305950,0.3034037947654724
968161059008416156,0.9995898604393005
968522357562531523,0.9996305108070374
968672226665318649,0.25117951035499575
968777857324590507,0.9952403604984283
968845694678310889,0.9995999336242676
969394826353652562,0.7968157470226288
969631120833879212,-0.4858962148427963
970129707068792977,0.9994043707847595
970170573590385094,0.9717295110225678
970271068572494072,0.9252837508916855
970325576544797730,0.42440329790115355
970710051570565805,0.002604365348815918
970737532243282314,0.9661751687526703
971473688470020495,0.49922509491443634
971483786771549491,0.013061672449111938
971596852662893238,0.9858090877532959
971831252108586412,0.6341601684689522
972005276426020798,0.17029594480991364
972222742973617852,0.9993704259395599
972239391841204839,0.1602194756269455
972303300276807297,0.9943378056798663
972332067789491076,0.6681402951478959
972456749093034470,0.9967467784881592
972470089083958423,0.7929715633392334
972504813897096911,0.4669737368822098
972541587750670000,0.5934426963329316
972879067647588117,-0.9922285079956055
972917873920724729,0.7828451792399088
973046435055198484,0.19392011165618897
973056761491533563,0.16705551147460937
973140728211803449,0.6665401756763458
973160212717927035,-0.2976723313331604
973210951654630144,0.1961297132074833
973264420910711645,0.41679375171661376
973272034569961481,0.5681421995162964
973990171789545839,0.5997166872024536
974241665252693667,0.8175824483235677
974483143146228637,0.9851781010627747
974513755267714596,0.8874969184398651
974696030689755344,0.802896922826767
975044187221721134,0.9972694516181946
975097058783807520,0.8374740523951394
975114589728130255,0.19191985577344894
975144489919893709,0.992851972579956
975192527934385785,0.47670093178749084
975199485177290378,0.9209812326090676
975525314147932621,0.3952999711036682
975948348176655264,0.6066167891025543
975957311728177640,0.20245233178138733
976209379525157393,0.3938131034374237
976772605804121303,0.4401184797286987
976856643140870581,0.9876301203455243
976924609738519043,-0.9433271288871765
976932887122887545,0.3730373680591583
977288002430886662,0.9992514252662659
977359500776460361,0.9528156071901321
977893173421197851,0.8152179539203643
978051288949733487,0.7661480128765106
978349167547926633,0.6291970759630203
978594126318733443,0.5863182619214058
978691351903284516,0.9977665543556213
978840683096241112,0.9996752738952637
978915100405690941,0.11730734705924988
978982781730193252,0.9882279634475708
979416776671651169,0.6455797135829926
979595223528228040,0.880476389080286
979630300550974305,0.6576635539531708
979806320745482562,0.7946628153324127
980144499396604735,-0.9980769157409668
980213763225014925,0.5891453504562378
980252226217525367,0.4596733719110489
980277997026950024,0.12177013754844665
980776147977846431,0.5484644562005997
980973775242952434,0.5678077697753906
981054365071311756,-0.09231266876061757
981054601862865763,0.992511510848999
981062291495897668,0.8005592405796051
981636509221584814,0.9966039657592773
982458410751394640,0.9779428243637085
983175439957183864,0.20193322896957397
983195145542882981,0.7730241477489471
983974192794071384,0.7958978772163391
983981571832521387,0.6025383591651916
984477966311694144,0.7942169427871704
984639631216559430,0.7724337697029113
984685022149395272,0.9985946118831635
984800002732277730,0.6805685967206955
985252075102776739,0.028658246994018553
986024773542253163,0.9413073539733887
986260184240128957,0.49095412095387775
986562104520807127,0.9972120523452759
986768474873124869,0.7996109306812287
987030938703870757,0.09889358282089233
987436292339295643,0.5947548508644104
987498684605521099,-0.37654541219983784
987582298598623039,0.8021422326564789
987592309109011582,0.7632432281970978
988109105293302120,0.6206180095672608
988135095824313313,0.08652758300304413
989614414675547514,-0.16623356938362122
989615485320754890,-0.22971879839897155
989654795416858477,0.8979513466358184
989745563221851781,0.9790647089481354
989756859357787998,0.9101137816905975
989764700889572768,0.42338902652263644
990541515814832506,0.2459273397922516
991091560751785086,-0.11112892627716064
991124589098021253,0.992805004119873
992567269494645819,0.2619285941123962
992610207007375790,0.3440261594951153
992703690343127443,0.6958106845617295
992713901173724257,0.9981456398963928
992757178564363996,0.18891826868057252
992827939794337360,0.7947586238384247
992859328493689642,0.9967299103736877
993056294228249794,0.004853665828704834
993549884922086566,0.4695030301809311
993554168727474012,0.9867479503154755
993571328089628837,0.616094970703125
993969275642439052,0.40514473915100097
993972228191870417,0.24946735799312592
994153076354119351,0.5922000169754028
994159521608736294,0.13271299600601197
994161770081773849,0.5939891874790192
994605031606269373,0.4763162851333618
994717706211841118,0.3384845086506435
994746383930250287,0.4995628297328949
994787115339272865,0.9975018302599589
995388117703101538,0.11892788277732001
995392840550641607,0.7564669221639633
995528737713693065,0.9959598183631897
995620100675057004,0.4638331174850464
995746618370365925,0.2730154454708099
996215050562296650,0.4563493371009827
996463852561972830,0.7736672163009644
996813201524788566,0.30341428220272065
997001589444316577,0.781201548046536
997144553847545708,-0.5799435973167419
997156156585942741,0.8174614191055298
997199099397865403,0.08854225873947144
997214486602263625,0.3331867247819901
997220074743091559,0.3920250594615936
997480719043698704,0.9601509392261505
997658341234503013,0.7438071191310882
997825655006953307,0.9361674964427948
997847388263428957,0.6420668810606003
997856963833053558,0.9945342764258385
997984928356190015,0.10540197789669037
998486253297290032,0.3644395709037781
998611983897783681,0.41503951251506804
998616329797091986,0.7091987960868411
998997515070349040,0.39970260858535767
999096854622719212,0.986670970916748
999098652595690197,0.9130187034606934
999102289877815950,0.1547041118144989
999105820586897026,0.33365338742733003
999121483766170785,0.24353286623954773
999261645326554667,0.998300701379776
999281944115505883,0.7166388779878616
999287267056686836,-0.051201850175857544
999403939587254362,0.15500481128692628
999771241757947525,0.5968997716903687
999853135136393023,0.36627628405888873
999869204571134466,0.32606948614120485
1000044270545724111,0.9868379473686218
1000406457536845919,0.7976110875606537
1000611144218101349,-0.22259010871251425
1000752276446149399,0.8547230035066604
1000808709381298893,0.7294382244348526
1002801756635513058,0.7566893100738525
1003302829425838432,0.9939203560352325
1003359217280750423,0.25347245037555693
1003412926741884086,0.7835578143596649
1003418827408216463,0.7781733632087707
1003447995054062581,0.4170374572277069
1003490291571298095,-0.011761942505836486
1003512183975354869,0.5189946815371513
1003617094845033871,0.9997303485870361
1003970779695838152,0.7802903473377227
1004061190321260100,0.4008460998535156
1004096761287576738,0.03195608655611674
1004114430574388114,0.7151743233203888
1004284845283122577,0.7711786210536957
1004984485796474789,-0.29237035910288495
1005660685257822654,-0.2595663398504257
1006214475966233351,0.7372224926948547
1006382907097821452,0.6778964430093766
1006386932662805403,0.4448454976081848
1006387502844384648,0.1024061381816864
1006398149204957488,0.4075685441493988
1006571297165418356,0.8482199311256409
1007096865588005025,0.9909326036771139
1007236932554972948,0.6990693360567093
1007766225221988518,0.7613890841603279
1007804680059367428,0.60053208896092
1007821494119490251,0.9714215312685285
1008353542532804981,0.7599906027317047
1008654701091284338,0.502210408449173
1008800666063251840,0.8041813433170318
1009300075599316449,0.22607012689113617
1009344578969696828,0.9964118003845215
1009380479712619184,0.37762959940092905
1009782533816971569,0.7480692595243454
1009964873541211429,0.4529762864112854
1009976226559603387,0.999157503247261
1010013602946942858,0.20039817094802856
1010045964956231245,0.6838635717119489
1010123098397353490,0.9895294964313507
1010590338715525287,0.3731565674146016
1010596542818900448,0.20564852952957152
1010934131528966424,0.9166563302278519
1010952850845297384,0.42374435663223264
1011305374296899090,0.40490731596946716
1011635911739727124,-0.1323601348059518
1012445190145046820,0.8039108335971832
1012779771201618553,0.7429042011499405
1012826557256250782,0.9884864926338196
1012919098487885297,0.8222533166408539
1013021562335777877,0.7119532734155655
1013600978731886689,0.7084875613451004
1013606801808426385,0.7236596601349967
1014304447291723321,0.3751394718885422
1014406927641026054,0.9979211091995239
1015197872729842898,0.7860672354698182
1015883006140039708,0.8960343062877655
1016095343715663574,0.3573518514633179
1016455916685093897,0.7532154983944364
1016466092363513652,0.014989709854125977
1016514001952185596,0.6917815804481506
1016521074549893619,0.9972647428512573
1016626920590772487,0.5875245690345764
1016669821799363979,0.6313059747219085
1017295170624002261,0.7752924476351056
1017446134501077105,-0.5295822024345398
1017467673012752622,0.5744183242321015
1017504331802616787,0.7920904874801635
1018104788025379501,0.4154017508029938
1018153685875951067,0.8097590506076813
1018163233085351428,0.5946559906005859
1018176748335375278,-0.9879934191703796
1018602248706847623,-0.003368586301803589
1018638807195573094,0.41270635426044466
1018643791992206354,0.5773377299308777
1018741528941356818,-0.9845520257949829
1018743418210481276,0.556202252705892
1018777624636461025,0.40466268658638
1018778852306406491,0.2701135703495571
1018794991283082970,0.7093597565378461
1018978982001499123,0.9180654670510974
1019368497299692288,0.9995813071727753
1019379156870976107,0.17123150825500488
1019427541472264551,-0.19488063028880528
1019469036385051276,-0.9434073567390442
1019484445402052883,0.752180615067482
1019503572375090356,0.7671867609024048
1019513287252205974,0.9799985459872654
1020000662099310986,-0.13438108137675694
1020059171921663838,0.9970083038012186
1020077538631058525,0.21153082847595214
1020085484660826913,0.37566927820444107
1020740540848071141,0.18653845191001892
1020840725797350045,0.20504648685455323
1020882366996799313,0.6121466159820557
1020901250531988780,0.7751461923122406
1021048232351366570,0.48707760870456696
1021459915907930982,0.9982663691043854
1021671357106239499,0.008204153605869837
1021927091390956301,0.14748207330703736
1022366467524865967,0.9820820093154907
1022387173356428193,0.5898663699626923
1022455351840227070,0.5646464377641678
1022933094428606018,0.608656358718872
1023019497937374154,0.9909919415201459
1023115879564864232,0.9879776179790497
1023118140775603885,0.5382770970463753
1023243751686481765,0.3262919306755066
1023323584552442779,0.7574022054672241
1023377089464667287,0.9964572250843048
1023652610312493203,0.9983287155628204
1023696509818398795,-0.13510889666421072
1023734507036654348,0.9640601336956024
1023806532867555231,0.4164833426475525
1023862854082511964,0.8872047394514084
1023908162866380155,0.02031325101852417
1023951470455266918,0.8963200620242527
1023962069754923714,0.5606865783532461
1024400579859118501,0.49588132202625274
1024466628851219978,-0.059317782521247864
1024763162557333648,0.28772734933429295
1025143576664340564,0.8288478374481201
1025406704831096062,0.8752683997154236
1025415751607199930,0.9976431131362915
1025449035448825849,0.39300490617752076
1025555471856837063,0.7703912556171417
1025853277949064596,0.7669396758079529
1026011275005959484,0.8011610686779023
1026065647326866597,0.40747912526130675
1026608454020641106,0.20654550790786744
1026812652127749040,-0.9708162546157837
1026891316566723235,0.6012618124485016
1027177383210032458,0.10541200637817383
1027430548124896735,0.995135486125946
1028102960319675876,0.8326585789521536
1028185775384538747,0.9962247808774313
1028287587356988333,0.5808758914470673
1028793214530195943,0.7775413155555725
1028794619614238624,0.7801895472738478
1028840432176502694,0.7093126237392425
1028845280063520464,0.9943492531776428
1028870890255209604,0.37317144870758057
1029016056207553047,0.5033148765563965
1029048984355861452,0.79100661277771
1029079944577579859,0.39577760100364684
1029097661838224070,0.5852602422237396
1029417122582727751,0.5010920286178588
1029529673353820570,0.5093220978975296
1029616256128769844,0.6828237771987915
1029730917939983375,0.9747313261032104
1029733391731408433,0.7509105290685382
1029777648960064449,0.646258556842804
1029867512606909563,0.7883276224136353
1029889206259648403,0.7926424384117127
1029902226043552335,0.7993175625801087
1030191971037237294,0.7821840882301331
1030220325415364096,0.09537088274955749
1030323133840447802,0.2967845410108566
1030524765755660350,0.6585272282361985
1030950352963858914,0.5003854781389236
1031028008347988503,0.06160200238227844
1031030108582993977,-0.013717979192733765
1031074962481248708,0.40033681988716124
1031078559343583039,0.9957423210144043
1031603467818503165,0.4211563766002655
1031675571232280043,0.9928804636001587
1031695335310375600,-0.25381497542063397
1031710797579595838,0.357298818230629
1031725760974034748,0.992134690284729
1031829543076263884,0.7107544988393784
1031840828713651055,0.1361103653907776
1031882665627057707,0.06480327248573303
1031892192409414347,0.986534982919693
1032004776463562328,0.755879245698452
1032024822341470629,0.39506661891937256
1032037288496910409,0.9976379076639811
1032241054007369757,0.35031474828720094
1032297023493338988,0.5807886242866516
1032455232999980494,0.2700419545173645
1032748262670394226,0.9924631714820862
1032760738873474382,-0.004589065909385681
1032771010754016296,-0.9681270122528076
1033416189806635853,0.5957516551017761
1033767012718409386,-0.29397008816401166
1033835444858848746,0.8864213943481445
1033897706243186405,0.4616172824587141
1033954765809475543,-0.28808852699067855
1034223512527232753,0.8856416523456574
1034641345561933225,0.8560719539721807
1034671835907820357,0.14598809480667113
1034733830470303714,0.9687551915645599
1034737128552960363,0.3300962779257033
1035350770239454835,0.7394758641719819
1035394698821049780,0.7330411970615387
1035516464278163645,0.9953533609708151
1035568001815872807,0.9978099167346954
1035573448861854485,-0.00817520022392273
1035579666408333098,0.9988017678260803
1035994879186575213,-0.7740042209625244
1036035700948773568,0.5358500957489014
1036073951501729890,-0.3000304500261943
1036076650833735251,-0.21074693070517647
1036112292725023252,0.41882858574390414
1036153658020002441,-0.21017465740442276
1036303037515677128,0.3339815139770508
1036820560237969645,0.9973596135775248
1036847993499725745,0.8192670106887817
1036886133634384115,-0.056360936164855956
1036900763462373478,0.7093138950211662
1037003445863396587,0.8006651639938355
1037003455037151256,0.6003976702690125
1037097755226439722,0.20479324758052825
1037577459524562894,0.19417964220046996
1037767758632678164,0.23384839296340942
1037815152544347793,0.9979698061943054
1037828927482234474,0.9704505205154419
1037853988026425273,0.34900975227355957
1037909710203041597,0.1866402506828308
1038260317892287501,0.28363380829493207
1038336346628990600,0.027421951293945312
1038344522883835266,0.9987384676933289
1038373676909936368,0.9905189037322998
1038521280252366814,0.0004646182060241699
1038523178870702749,0.7926640510559082
1038892360130579917,0.478755584359169
1038917992436232661,-0.18883733749389647
1039095246565480987,0.1939290851354599
1039601590641611574,0.8285216271877289
1039614675902605404,0.6043446262677511
1039634006403137045,0.35243719518184663
1039720257354555453,0.00856776237487793
1039736748687872158,0.5759193897247314
1039739530066957062,0.6667364140351614
1039773283087098092,0.041966537634531655
1039776161395998614,0.9994672536849976
1039807202116023991,0.7256632617541722
1039991670366859175,0.3359108765920003
1040007682166572114,0.9992403090000153
1040012296338207632,0.7578729391098022
1040380943691819502,0.9995682835578918
1040458038980839907,0.5602087318897248
1040591059723520337,0.4008337199687958
1040850168480908475,-0.0014898478984832764
1041792069288642988,0.008122101426124573
1041913352712343464,0.053668010234832766
1041929567169839985,0.7904984772205352
1042230817903950393,0.031181919574737548
1042247638046013065,0.6839405119419097
1042273558465172517,0.25080243647098543
1042278338233568021,0.7706210136413574
1042288833557400613,0.4042147696018219
1042292118503391222,0.9908464550971985
1042295571222553142,0.27292531728744507
1042298032409522334,0.35918847322463987
1042303668822197434,0.4645373195409775
1042306432573119003,0.4636347502470016
1042309103079391725,0.3834608614444733
1042311069353066740,0.7665075361728668
1042472371169216361,0.6141501247882843
1042854129778531027,0.5770395398139954
1043596435294341537,0.4293705552816391
1043600434889407955,0.7995604574680328
1043606442747152204,0.49444792568683626
1043615735904194450,0.8024351596832275
1043619872721205057,0.014474564790725708
1043622266093310598,0.3577816694974899
1043736833561440819,0.6330225467681885
1044058735880103223,0.2682217448949814
1044802267157026249,0.3727518320083618
1044826975900628122,0.943726658821106
1044827673528286270,0.26765238493680954
1044828309890808968,0.999308168888092
1044828830201390177,0.9939242601394653
1044847811998226459,0.7406375578471592
1044876465437284153,0.66568683385849
1045454012576601401,0.7802628874778748
1045482136279697896,0.43258908987045286
1045496539643173485,0.3415433035956489
1045548247424661429,0.9971383810043335
1045552677342022378,0.3334360122680664
1045556878923904169,0.9114661291241646
1045557628268238650,0.43134247405188425
1045558182003130422,0.8783782869577408
1045562177478838187,0.9947814345359802
1045562202028061612,0.9854216426610947
1045562370251086464,0.7561719417572021
1046460097691936710,0.497805243730545
1046503162271182139,0.5056469365954399
1046943765815200319,-0.33957024415334064
1046959764029825927,0.9996726512908936
1047120522231708022,0.3551106959581375
1047165041889826583,0.8020390510559082
1047604955160763603,0.7661783695220947
1047641759763536086,0.5932686626911163
1047653862698062880,0.5986032366752625
1047662301759564004,0.3966982066631317
1047664076565699429,0.5222489436467489
1047666672432026478,0.40677825808525087
1047668006952986332,-0.131300022204717
1047669359120120823,-0.1714162290096283
1048028969155385178,0.5943200349807739
1048344303060616165,0.9878333806991577
1048591636154336959,0.7068983823060989
1049185630923247602,0.7845108211040497
1049214622567829070,0.707509508728981
1049854070193223546,0.35522963603337604
1049863050664011946,0.39959338307380676
1049926085282266589,0.43953095163617817
1050105534642295431,0.6004662632942199
1050446492369739092,0.16616958379745483
1050469331378525811,0.49928629100322724
1051168867896102291,0.9649918675422668
1051180263416995068,0.38975006341934204
1051282644609988595,0.340146541595459
1051406180862247137,0.9852885484695435
1051969346462190363,0.5488118082284927
1051980956818299849,0.14674223320824759
1052068374685356315,0.41310392022132875
1052922825451504124,0.4996779203414917
1053146438548366764,0.002164989709854126
1053402122894114407,0.6177245318889618
1053417019590293425,0.9971442222595215
1053612923794813437,0.7873293817043304
1053692679659952632,0.6007139801979064
1055059490080696085,0.3566640615463257
1055070090190165728,0.3998160302639008
1055083403851952450,0.705083429813385
1055092106406815573,0.9994674324989319
1055121263273088290,0.5568309095170763
1055154913616684463,0.9966893196105957
1055178305702089118,0.5971253156661988
1055217940654916211,0.08568113446235656
1055559377856626671,0.9541010856628418
1055686409850689580,0.33763380845387775
1055743240266185143,0.9973152279853821
1055765584225141093,0.9924071431159973
1055790972563125436,0.6983848214149475
1055834481958079265,0.46876207292079924
1055885843174612685,0.5890779227018357
1056274253488502811,0.3042920380830765
1056328684400149695,0.21626775860786437
1056549318852039242,0.6321922600269317
1057172413450535070,0.9469801813364029
1057179748099556634,0.9564367532730103
1057187191015195417,0.19660451412200927
1057741761490723606,0.43694478273391724
1057866120141431592,0.8013971209526062
1058097741336946136,0.3492919087409973
1058146008948133523,0.5940684676170349
1058511386824672929,0.6192806363105774
1060082902774243081,0.702600684762001
1060126813509473333,0.370360741019249
1060168186804247548,0.19874727725982666
1060219534087024063,0.5974597707390785
1060252103315497208,0.6510780254999796
1060343402580834551,0.33148688077926636
1060669071651094475,0.9913803339004517
1060675713524405520,0.9994996190071106
1060689021883576199,0.658365997672081
1060697038256921077,0.8183666586875915
1060770163136011568,0.9997450709342957
1060837900102126326,0.9959410429000854
1060869587689173437,0.9942107424139977
1060921816943187345,0.9445353150367737
1061458200607914734,-0.4224819540977478
1061629686881925357,-0.5983500719070435
1061683347945790564,0.9885998725891113
1062109604240193271,0.7971729815006257
1062134118528143160,0.5800254285335541
1062283529389513466,0.2824828505516052
1062439477300341041,0.9997562766075134
1062575976373188289,0.9917373657226562
1063048104368469593,0.9112264083491431
1063606535687807497,0.9992636442184448
1063685626715769811,0.49655587673187257
1064515768247382747,0.22426748871803284
1065167485702482406,0.8071961104869843
1065816778412391040,0.9914205074310303
1065887623394622093,0.6153803944587708
1066717347524781216,0.76205974817276
1067538794205448418,0.6105544924736023
1067552528425180555,0.4990398734807968
1068768859477048917,0.9950588345527649
1069384164536010782,0.41878939270973203
1069644414676760153,0.7882125079631805
1069658892062986763,0.46433092157046
1070411771046046634,0.7141151087624686
1070783638357095706,0.3868004083633423
1071517388244392013,0.6183935672044754
1071656129508504130,0.9956689774990082
1072149434349607682,0.7685263156890869
1072201831002247685,-0.4809146076440811
1072216814904418793,0.7439906537532807
1072349225641938623,0.8126164972782135
1072376850611548821,0.5979378283023834
1072487889713618391,0.2404808521270752
1073035318342100552,0.199274480342865
1073144779490981974,0.21243404150009154
1073658039289587465,0.6269198298454285
1073911340050622683,0.9969805181026459
1073988435525674949,0.3996796548366547
1074045650315453713,0.5994405150413513
1074662419325855325,0.9719737395644188
1075048742270974032,0.8384073972702026
1075194256762204813,0.9935859526906695
1075324101706050279,0.10866035733904157
1075413956034636728,-0.994516134262085
1075814246308843789,0.6667425036430359
1075877717120922557,0.9819055795669556
1075973666897866515,0.004315584897994995
1076042826527010454,0.9608807861804962
1076583632767892061,0.4897159576416016
1077210562021698439,0.9971056069646563
1077268843285704951,0.9910802245140076
1077269943718165362,0.1859748363494873
1077270995495833949,0.45987778902053833
1077368893969306914,-0.8276937007904053
1077472643858097464,0.762372151017189
1077473411017743446,-0.17710105578104654
1078350751607717519,0.8132229579819573
1078820476626720458,0.9991392493247986
1078881584626420352,0.9950049221515656
1078918047508040538,0.9961797197659811
1079136823853204897,-0.04081747680902481
1079642298467282534,0.786545991897583
1079680127112432598,-0.018740376830101012
1079755428983767693,0.6050968289375305
1079941353323858353,0.5213567227125168
1080098902226045539,0.6085381448268891
1080164903955044832,0.9848875105381012
1080200335850273136,0.04283246397972107
1080216894967238463,-0.3612785339355469
1080253513414625119,0.33263001839319867
1080257234128058509,0.515621080994606
1080320724215939604,0.184744131565094
1080438383338507888,0.7965982496738434
1080933399140483067,0.9945859313011169
1081344396382610924,0.73829765021801
1081591499149965629,-0.08354814350605011
1081661454760415971,-0.36015562415122987
1081721408847889848,0.8109133243560791
1081785593246039126,0.4829698622226715
1081801927545438330,-0.9706395864486694
1081839829639805963,0.9615638852119446
1081850166501404361,0.5299032062292099
1081913111436866054,0.40917261838912966
1082428883392568971,0.21046481132507325
1082429728545530400,0.4092267394065857
1082448853583398336,0.9663248121738434
1083895869289261763,0.7716259062290192
1084604679882910588,0.5909297406673432
1084612224041028267,0.7926154971122742
1084629652966585674,0.409179812669754
1084636619497195180,0.32268389165401457
1084656351021567453,0.33375264406204225
1084664403273545705,0.1793476641178131
1085283151524024895,0.6054509818553925
1085317657857000246,0.6923044834818158
1085330602464672161,-0.2877345813645257
1085349881077011120,0.6034760236740112
1085359701104428087,0.9985753297805786
1085380112250830853,-0.970817506313324
1085399201411070991,0.5992573440074921
1086102562992811934,0.5947437584400177
1086215008241477603,-0.9925373196601868
1086219440882813725,-0.14469462633132935
1086221214461427593,0.7304241389036179
1086320423764301855,0.9220078587532043
1086328647381442854,0.34283779188990593
1086706030561313186,-0.216386616230011
1086761036464980670,0.39379372596740725
1086769718377389011,0.5766649186611176
1087477844992171562,0.4556601673364639
1087496517704178813,0.9956461787223816
1087513378785209888,0.394684898853302
1087561316355041849,0.8855067491531372
1087800799058311633,0.5509982377290725
1087805038500180955,0.03797239490917751
1088498484911078519,0.7029858231544495
1089049839235100382,0.9918134808540344
1089071913598064460,0.5283196777105331
1089152861198721283,0.3888225555419922
1089211479585657445,0.6438423246145248
1089263143045480202,0.09606451647622245
1089603288342349988,0.7376626819372177
1089617204965047868,0.4645274430513382
1089636841189824050,0.5554575274387995
1089637248082564668,0.9487006664276123
1089705699270117773,-0.025159579515457154
1089706128321195081,0.28726867735385897
1089877940999327421,0.920613032579422
1090373218679726933,0.999130129814148
1090389694165383133,0.9986969828605652
1090399794689433082,0.6639764428138732
1090488528581341615,0.9983007907867432
1090492948367455053,0.9946942329406738
1090499446707210482,0.9996395707130432
1090503239089595551,0.9992113709449768
1090538576456561177,-0.7331749200820923
1090547451460094596,-0.9929510951042175
1090680192200796434,0.4813978970050812
1091209406565246268,0.003521287441253662
1091226284655621637,0.49647821485996246
1091298783612175899,-0.27573296758863663
1091324265441973983,0.2971793621778488
1091785697790268679,0.9855153560638428
1091829266482348782,0.5218017160892486
1091850615182390153,0.9986006617546082
1091857364823111354,0.43242706954479215
1092516405941016073,0.9377138435840606
1093664901062941311,0.9982038736343384
1094050396152963601,0.43229659114565167
1094083844480418184,0.39337352514266966
1094190102597200541,0.17929262518882752
1094195106747460472,0.5985231399536133
1094833798283207285,0.2565297096967697
1094918858518234150,0.23492468595504762
1094965590378205619,0.908743143081665
1095465392483604597,0.7215353429317475
1095573982046774623,0.31784240901470184
1095579856816962302,0.14878841042518615
1095644227643643871,0.5561835259199143
1095657454277974304,0.9955133616924285
1095718422672529707,0.7032187283039093
1095929995675958097,0.5113725870847702
1096207158328144702,0.5916805922985077
1096304744471294044,0.8068227648735047
1096391392834987492,0.6774179965257645
1096596659100683096,0.5188921481370926
1096806193797271234,0.33795320987701416
1097810896153991384,0.24597362677256265
1097881251217852556,0.9966153383255005
1097908244850737397,0.5950538992881775
1098377911431644387,0.897874265909195
1098605392797842443,0.8676156004269918
1098664425396613940,0.2349292278289795
1099009049244753734,0.634485411643982
1099268467186460580,0.5557884838845994
1099272379237464514,-0.9620866179466248
1099949741109556856,0.9976373910903931
1099970705589776207,0.5861779928207398
1100082321389987950,0.2198046028614044
1100456598375508578,0.9925292581319809
1100474617020123892,0.08603924512863159
1100479313415157912,0.5685299038887024
1100484296285015460,0.18930541276931762
1100509443729883224,0.698990173637867
1100536219663644169,0.40591204166412354
1100571152467209841,0.014995560050010681
1100645356591670157,-0.9882013201713562
1100742119383569831,0.7879427611827851
1100813790151465084,0.23096396923065185
1100900232221695909,0.6973582148551941
1101194333109861329,-0.902427613735199
1101295092113495006,0.6648870073258877
1101309621234344483,0.7630304783582688
1101321509667542472,0.6130980014801025
1101561249310523482,0.3352702856063843
1102163313175795449,0.2188250184059143
1102271495601685807,0.9905728101730347
1102282175209871263,0.0018412768840789795
1102305016657502350,0.2113788922627767
1102632759327004130,0.6166810929775238
1102678241701625980,0.288983682791392
1102995279784103667,0.2520505517721176
1103852919503490746,0.5439067929983139
1104151862097979698,0.02641332894563675
1104155023215388519,0.7168401479721069
1104158461293596899,0.4834253519773483
1104161456232210049,0.9996481537818909
1104393109060254241,0.8305432498455048
1104434623229136958,-0.18160105347633362
1104481193598086982,0.38427035212516786
1104751492961516502,0.9803845286369324
1104903940131154588,0.9947174787521362
1105015496949154252,0.34450424909591676
1105110701362844316,0.9982927441596985
1105204632160037928,0.60840744972229
1105609579220497785,0.20333050489425658
1105747114462906196,0.46045519624437603
1105766605877142262,0.21568359136581422
1106268838754398607,0.5964582681655883
1106272829646887625,0.3323443531990051
1106455116283665184,0.598101943731308
1106464652114256723,0.1354968309402466
1106630298659248911,0.7574466317892075
1106651612357699624,0.5008115738630294
1106837408475556918,0.40163851976394654
1107292903447586042,0.9967701435089111
1107324930968639181,0.6093039661645889
1107350791791502806,0.8049948334693908
1107638897473032156,0.5509016712506613
1107960487567835798,0.9960571378469467
1108551007626259236,0.335080623626709
1109421953454680341,-0.9952793121337891
1109449781797974547,-0.8857676386833191
1109622434773311275,0.999480664730072
1109955152430138339,0.051205724477767944
1109983851423126386,-0.19624660015106202
1110046483855196865,0.9783755898475647
1110074890087932042,0.8005009770393372
1110157271556724506,0.5001288950443268
1110582519666923400,0.2627801179885864
1110599396327441174,0.7080741137266159
1110742829604068940,0.3816997872458564
1110785539010023364,0.9797336161136627
1111337391651245870,0.36114293336868286
1111372065969510703,0.7433459639549256
1111481986687945862,-0.038167327642440796
1111715257486233001,0.9451962888240815
1111728225680504026,0.9966285079717636
1111748505019134438,0.3312457501888275
1112060301183277575,0.9831590255101522
1112126099412408876,0.20218642950057983
1112130352563767504,0.7969795763492584
1112148141610943770,0.4931250333786011
1112188083650417063,0.8193685173988342
1112222466109517594,0.37578641176223754
1112230023041743364,0.666297713915507
1112418817214021589,0.8092854797840119
1112883443219771411,0.9927683472633362
1112963478446317867,0.9948610365390778
1113097795896326400,0.889633360836241
1113553678290271790,-0.1754483613702986
1113647262117783977,0.6241089180111885
1113702746217494859,0.8004769285519918
1114404200051535517,0.6061652719974517
1114448377771976543,0.5867470562458038
1114560317750737546,0.9968877911567688
1114579186745942208,0.5976795613765716
1114587584672514789,0.9977143208185831
1115026349759594876,0.2343057334423065
1115043333320038573,0.2828373908996582
1115240791943590163,0.7874260902404785
1115345783643542520,0.594632488489151
1115646018984873077,0.72128726541996
1115706746584101935,0.2889553666114807
1115856413461270631,0.6115998268127442
1115920072898006256,0.2611825704574585
1115963333651307057,0.3510094940662384
1116074255187685940,0.6078380405902862
1116094831900794746,0.606360387802124
1116108812565875901,0.2002275586128235
1116411703719037233,0.9980157812436422
1116497293597639398,-0.9366191625595093
1116539794812364130,-0.12280161380767822
1116571907423891883,0.6028689920902253
1116607107160140529,0.999569833278656
1116682367197278582,0.5549163430929184
1117108041989046850,-0.005157560110092163
1117892263151180279,-0.26877870261669157
1118047279398774969,0.9856979012489319
1118150414130091066,0.9991267085075378
1118398027549866563,0.978335565328598
1118794597480428461,0.7831347584724426
1118824252956511937,0.3958720862865448
1118982628609450931,0.7177797049283982
1118987409817753839,0.3750829015459333
1118994470214998434,0.5984381914138794
1119615189609600227,0.5954758524894714
1119619613256620629,0.24274546504020691
1119725626370450021,0.14966099858283996
1120125189675901000,0.9995125532150269
1120210736262599100,0.22614238858222963
1120777446698179738,0.603599351644516
1120838299660873216,0.5132733821868897
1121195869656060944,0.99021977186203
1121529334736393078,0.6560159116983414
1121712178479243752,0.9994219541549683
1121891013085988334,0.0844980388879776
1122186636774656626,0.5519039481878281
1122317948005939102,0.3493821422259013
1122321684016924740,0.7868240118026734
1122436424755810659,0.5101076185703277
1122450243274072232,-0.9792042374610901
1122532874166424572,0.5982706206185477
1122975301061726302,0.8499460816383362
1123658160594954801,0.9478206783533096
1123960194874454348,0.9974624315897623
1124716319567920452,-0.03024795651435852
1125415943431061525,-0.03473414480686188
1125838226517073848,-0.9352374076843262
1126030471603689397,0.9965780079364777
1126150853261747193,0.6108160078525543
1126711156926711550,0.7513008773326874
1126937556455522148,0.9975679715474447
1127267672703486222,0.2769224676820967
1127370273979492440,0.4573799456868853
1127408736416108762,0.9990514874458313
1127465324676057478,0.5662333190441131
1127467575099227154,-0.6625104376247951
1127540310652873661,0.9910374343395233
1127985580702968691,0.5853996634483337
1128124017302718501,0.19402657747268676
1128222095461085891,0.5944615840911865
1128300636200227122,0.9997367858886719
1128315912317905647,-0.18438031673431396
1129659559378037580,0.5836285531520844
1130203319621383544,0.3259600937366486
1130483904545634863,-0.008364468812942505
1131001532214130006,-0.813008725643158
1131204152784558114,0.7295746117830276
1131576636416624459,0.21775108575820923
1131693241805813192,0.5382347136735917
1131704297759492826,-0.007140219211578369
1131705745107591634,-0.9986817240715027
1131813333972981202,0.19980509281158448
1132207098459393306,0.567774498462677
1132364424582887137,0.5863598670278277
1133161742950170095,0.9807969927787781
1133291128100544362,0.996015191078186
1133407924841863901,0.17708985805511473
1134453713988749074,0.999646008014679
1134891221014217108,0.7084162533283234
1135319111676507303,0.5399923622608185
1135393572861230329,0.5951621234416962
1135487746209723731,0.8985956311225891
1136053718740678644,0.768270480632782
1136112987248568884,0.7608609080314637
1136679637721208950,0.3335643410682678
1136700041124676248,0.9658234536647796
1136840849108401067,0.7052639211927142
1137181934777480878,0.9938832819461823
1137424678037689617,0.21741680055856705
1137515402136024790,0.6935685532433646
1137524007859311985,0.3845747113227844
1137525756405166094,0.586372090710534
1137543562843761691,0.17312108352780342
1137736736078286284,-0.015403002500534058
1137787973970105694,0.21063973009586334
1138145815349092841,0.7981520473957062
1138231812160058618,0.8457866311073303
1138261399938892788,0.7553435649190631
1138393970199713085,0.5013677626848221
1138429034540113488,-0.07041585445404053
1139207563447942518,0.22876683473587037
1139672330416976962,0.6932530015707016
1139711794789539934,0.023505300283432007
1139714154713553634,0.1137381911277771
1139810840826325730,0.970062255859375
1140270830497331886,0.346237493885888
1140334098486322650,-0.4954413533210754
1140343372894925116,0.31129057539833915
1140357599687520198,-0.006563305854797363
1140376602848963682,0.9528331359227499
1140388289771212702,0.04327507615089417
1140416280164466683,0.04973150491714477
1140424666935282637,0.37364195585250853
1140487761206319942,-0.9988967180252075
1140497469990073489,0.45860416548592703
1140500328998154093,-0.9961162805557251
1140504307872272306,0.5791217148303985
1140516017525326469,0.9963164329528809
1141254576713577770,0.10178982317447663
1141258550819967608,0.18109017610549927
1141300545540925874,0.6896256357431412
1141395473247070136,0.35742936432361605
1141713748458793995,0.988213986158371
1141911456052905766,0.13118236660957336
1141990382895120393,0.166497340798378
1142158650952374467,0.3994791924953461
1142159326987555223,0.10599788427352905
1142164095971996655,0.3838492393493652
1142456186041807582,0.3327839771906535
1142488131049286762,-0.37987456321716306
1142496385735024088,0.2873845547437668
1142624321853095565,0.5469727843999863
1142758868760145547,-0.2889968355496724
1143127242272947622,0.14116881574903214
1143238126085424751,0.996412992477417
1143983649114803014,0.3491424560546875
1144072697360867579,0.9413713932037353
1144716426606025060,0.9994236826896667
1144843791856146312,0.9924230575561523
1145000434944883195,0.914738655090332
1145449969797974787,0.6689255138238271
1145573754780504192,0.9937189221382141
1146076152616414968,0.7905060172080993
1146080630543868460,0.6111846745014191
1146138260494473907,0.36885651350021365
1146246191397659048,0.030302512645721435
1146423598978738115,0.6000428795814514
1146454058048233988,-0.24981378018856049
1146490690130492562,0.42463538476399015
1146958459391078882,0.3369717001914978
1147142533302601669,0.8057733356952668
1147568354354336987,0.36879935264587405
1147605701928826582,0.5385910421609879
1148635971289981722,0.5600934863090515
1148696155577988568,0.20842215418815613
1148723520219997748,0.9951567351818085
1148777826186175873,0.22226890325546264
1149242308067117153,0.7691391110420227
1149304540185833300,0.9914378762245178
1150041133649717276,0.7216158121824264
1150062900135189937,0.7551420501300267
1150066565483972596,0.9084188938140869
1150084840872728833,0.9581473668416342
1150498200133520037,0.4877007693052292
1150534534044160873,0.5314279854297638
1150608319741616246,0.994475245475769
1150805546021268821,0.7804701805114747
1150809632665239093,0.9950676560401917
1151120774495761216,0.999372661113739
1151179044831803211,0.5960170567035675
1151273972359605661,0.026734143495559692
1151384614087030773,0.8336412578821182
1151403239347058616,0.3135138551394145
1151415763407997328,0.3999102771282196
1151471742619553175,0.9888268113136292
1151544813927744254,0.8282597899436951
1151894083608346068,0.958716630935669
1151904510531196004,-0.3138286272684733
1151914087571629579,-0.30231136083602905
1151938208108511120,0.9966214597225189
1152006670003394990,0.012758612632751465
1152026762452158188,0.33108796179294586
1152233965853087034,0.5743030965328216
1152789848085606314,0.43184013962745665
1152796816867934772,0.9821200966835022
1152799040758246254,0.704166088785444
1152801316519111886,0.7343500256538391
1152809862084179320,0.802448856830597
1152816545986280304,0.07339899738629659
1153000568490045064,0.6360260347525278
1153447620056101523,-0.9921731352806091
1153620011536863750,-0.5990179032087326
1153739780142214828,-0.028361499309539795
1154396929198716742,0.6100229829549789
1154429712114850996,0.9789557754993439
1154805990330573997,0.6185418844223023
1154830580918950755,0.6354197263717651
1154992918229918441,0.9973418936133385
1155022252505625640,0.726289621421269
1155155323175636040,0.5339441418647766
1155223688248348958,0.00879557728767395
1155537393636818844,0.10798770189285278
1155570045646029162,0.9996842741966248
1155730125911596621,0.4651387504168919
1155756454020707473,0.6201112046837807
1155910907646748062,0.25173498392105104
1156234866527862411,0.9845544099807739
1156264089816674365,0.9926014319062233
1156281542212917382,0.9441486328840256
1156301171813633071,0.568475142121315
1156335621974774675,0.28935748636722564
1156590354902679681,0.4063779950141907
1157065614461175776,0.28751432299613955
1157099292577284798,0.9102045893669128
1157121832993707225,0.5722780644893646
1157137640623001339,0.4593131601810455
1157246579863109567,0.24823107123374938
1157715035867832927,0.48309729993343353
1157835673358930221,0.30844728648662567
1157980221503311464,0.9744047820568085
1158041712262186787,0.4880315624177456
1158531974098927572,0.9976045687993368
1158674804069273137,0.7153464436531067
1158697046746152943,0.6556863278150559
1159253847076105229,0.19836279153823852
1159301507327927014,0.5994619965553284
1160682733017373289,0.9959260821342468
1160715647750658933,0.2297406726413303
1160791570616066229,0.11669189400143093
1160808528949470895,0.4488738349505833
1160818549587764106,0.997918039560318
1160840570397952016,0.41417370140552523
1160958972838044467,0.6677104324102402
1161458653209749621,0.968000715970993
1161567632431418837,0.4032715618610382
1161610172976992473,0.7806546449661255
1161823739516468855,0.9540045261383057
1162251093528686702,-0.19713208675384522
1162385620284299429,0.21133627295494078
1162755553041420777,0.36899750530719755
1162767236635403634,0.4959672689437866
1162773461272327022,0.6517601788043976
1162776426534991090,-0.939700573682785
1162778870925020845,-0.257716104388237
1162780311866746302,-0.9785784184932709
1162802662435187019,-0.6321653723716736
1162878491598758071,0.42722859382629397
1162984255787889863,0.6963225990533829
1163160225810732613,0.7535225331783295
1163838390947606219,0.7398422956466675
1164322248740624752,0.22811486572027206
1164727744646926375,-0.045241594314575195
1165249107649649282,0.4420941642352513
1165965288465045652,-0.2077840745449066
1165967507877201084,-0.2740105092525482
1166046455659761724,0.5167901903390885
1166046753077948428,0.6442026495933533
1166555413736789168,0.18166906237602234
1166631634588349065,0.2380746066570282
1167154693950477117,0.4093436002731323
1167189336673952081,0.5984477758407593
1167334909596778602,0.5439517676830292
1167959737676275314,0.575692617893219
1168771903420857734,0.18737055063247682
1169667691403574818,0.8176440685987473
1170051237306033960,0.9242194205522537
1170200401530711239,0.4923122099467686
1170345572688822990,0.9956442713737488
1170454028260695936,0.9991701245307922
1170739050429529870,-0.7961543083190918
1170996696037894492,0.9904683828353882
1171123279927064410,0.3342956304550171
1171574332077048640,0.7314077615737915
1171580769516545891,0.9248955845832825
1171846170872468922,0.21767375469207764
1171866527986920712,0.9844918847084045
1172152663410979333,-0.9728893339633942
1172399365768325592,0.755377322435379
1172562487197016116,0.606305718421936
1172616894051283387,0.9912306666374207
1172923737421461625,0.9951762437820435
1173013614793357372,0.19727975130081177
1173028586556036131,0.563457727432251
1173041044375420337,0.482562780380249
1173261793667993086,0.9992220997810364
1173623837210570553,-0.06301284498638576
1173664352947943119,-0.19297248125076294
1173869363650631511,0.7646303772926331
1173884553167746266,0.005214393138885498
1173897706036243975,0.02564537525177002
1174571830990377344,0.9851432919502259
1174669866570735755,0.4207104742527008
1175139618867794400,0.5965652704238892
1175143136177262618,0.8975339859724045
1175168512258765217,0.7310602933168411
1175375794383673365,0.5997044231210437
1175805756842090714,0.9931344389915466
1175853453026516487,-0.9830403923988342
1175923959203429128,0.2989227904213799
1175930345112557090,0.019860804080963135
1175933237363685836,0.4856826066970825
1175935323922614565,0.029539763927459717
1175937162377566568,-0.8478760123252869
1175945208915571349,-0.04972733855247498
1175968533886326892,0.6374187370141348
1175978961157074470,-0.048041769436427524
1177299832657183567,0.8468677401542664
1177351319827514542,0.09778735041618347
1177384261459695894,0.994053715467453
1177501548669733935,0.0668644905090332
1177515265716282281,0.49993591010570526
1177710482948955257,0.847947895526886
1178038665204839873,0.4668655514717102
1178357469753476820,0.620182353258133
1178419265583850246,0.3141317754983902
1178737038527029228,0.5016676396131515
1178738340748535882,0.9983161687850952
1178811451408958833,0.0064424872398376465
1178824913928416250,-0.0006619393825531006
1179055546385358283,0.6632874727249145
1179086988090431572,0.39804784059524534
1179090008858427276,0.7979367971420288
1179817583534111484,-0.006265610456466675
1180211976287285121,0.9986589848995209
1180270101194546801,0.38393634557724
1180349690777203355,0.9934611916542053
1180396783682093450,0.7603924738036262
1180526967860151076,0.7224761724472046
1180892692248771942,0.9982427358627319
1180910407920573922,0.3882876545190811
1180917669348214720,0.1643589905330113
1180956031195962109,0.23895153999328614
1180985569600414657,0.26942763328552244
1180996694984090569,0.496242493391037
1181023059095360221,0.9357881844043732
1181055449630771900,0.2361502766609192
1181189975146692773,0.5343173921108246
1181230190168132805,0.6061806619167328
1181696966341748383,0.3392585317293803
1181836463944791761,0.6016784369945526
1181992062877975109,0.5975557565689087
1182332946833247136,0.5912345610558987
1182378075708671237,0.012020796537399292
1182460409669260597,0.9975438018639883
1182567389293892109,0.2831315159797668
1182704269342309195,0.30974439680576327
1182730597709667222,0.6044690847396851
1183177161894661423,-0.9959812164306641
1183363590197312334,0.25933068096637724
1183868263302928902,0.13170929749806723
1184069683146789350,0.41803967356681826
1184823145364074539,0.8405068635940551
1184866797279102793,0.59003866314888
1185470110080597701,0.9714160859584808
1185481990176184639,-0.4535422623157501
1185486974369029429,0.9913377314805984
1185538863595126834,-0.5533211469650269
1185548164717898402,0.6584229081869125
1185563221537522985,0.9945456683635712
1186111791290904080,0.20827169418334962
1186159691559499021,-0.11769039183855057
1186381546689820167,0.43342933654785154
1186528417715273193,0.9905902743339539
1186669873007821758,-0.7507645189762115
1186746421991380977,-0.2322642058134079
1186749221218534712,0.14274511166981288
1186751319751488495,-0.03483580350875855
1186941171626267693,0.9629914065202078
1186987877078042362,0.4140209952990214
1187483540992071243,0.20381664037704467
1187527105720345329,0.9995655417442322
1187535482063817900,0.5850027799606323
1187536877475659034,-0.0004335641860961914
1187556472442900026,0.22826815247535706
1187645711156958359,0.8268358409404755
1187710263169624398,0.9304571151733398
1187731169925088013,0.9931650817394256
1187810444916305464,0.9995201826095581
1188231119037880707,0.8641752570867538
1188286108927014687,0.3483480016390483
1188512918201670535,0.7359182337919871
1188929723624596929,0.9984218776226044
1188940239446592522,0.5146815843052335
1189025330261481460,-0.02010670304298401
1189028750309614944,0.16892363727092743
1189160353584176705,0.7558814018964768
1189208325386035123,0.2614520192146301
1189837925894212964,0.284146586060524
1190003855184075615,-0.44535279273986816
1190493653458821985,0.794566148519516
1190594041976492092,-0.9477324485778809
1190596399163349924,0.5511577099561691
1190597693812670624,0.9908332526683807
1190668512310296661,0.6080540120601654
1190672323707975271,0.5549074590206147
1191276876451439550,0.5962695300579071
1191429680929699167,0.9831161300341288
1191744886188770963,0.9373374253511428
1191804952045573968,0.9861693024635315
1191835855687850137,0.9997472167015076
1191848063181764592,0.4351653754711151
1191919252853424123,-0.8990585207939148
1191965424069593509,0.7862901449203491
1191966780789049426,0.48018112778663635
1192008289480077277,0.5660239279270172
1192031912609325601,0.41101783514022827
1192053549854693251,0.5200278580188751
1192070723106752370,0.6057022280163236
1192080064329714484,0.8025644659996033
1192098394982209428,0.9986664801836014
1192119047581399831,0.641171646118164
1192504530140367518,0.9987044334411621
1192527323594297625,0.9969388246536255
1192676874504918556,0.9351458549499512
1192748025747852358,-0.997486412525177
1192783136852970376,0.4819098860025406
1192814176840293840,0.9356500506401062
1193309486299220752,-0.8589833974838257
1193583575642147874,0.4148042738437653
1193927530811421357,-0.5834518671035767
1193931396789759347,0.6214905083179474
1194013691329442522,0.998330295085907
1194016046630296713,0.9956486225128174
1194038220139057599,0.9996305704116821
1194815245117943508,0.9825687110424042
1194846970554344678,0.4977874159812927
1194934860198789153,-0.3237494428952535
1195004836903882165,0.995936910311381
1195042512908747388,0.02090892195701599
1195499599984202888,-0.9917540550231934
1195514546346467018,0.6099056243896485
1195649835644911994,-0.30530816316604614
1195675802097355878,0.5828412294387817
1195690652069934394,-0.958747923374176
1195722988364355789,0.5545399983723959
1195796527572708660,0.9682547211647033
1196151832650938294,0.971697986125946
1196154230009993020,0.43077599406242373
1196194314704983542,0.8870465576648712
1196210218368956156,0.9987688064575195
1196341857926256036,0.23148396611213684
1196402346306039064,0.7130155086517334
1196556515909046440,0.999424397945404
1196950104539482021,-0.988824188709259
1197156609865632935,0.9861912131309509
1197540062575595510,-0.5394596815109253
1197562444763547712,0.7195423245429993
1197713564619065131,0.5552847385406494
1197956293432570527,0.5571565657854081
1198320693415103680,0.7368676662445068
1198672024182841941,0.8240699589252471
1199042704325576471,0.498710572719574
1199054500557907779,0.12303703361087376
1199150683791969347,0.04163286089897156
1199192765056319103,0.96791672706604
1199252954347100137,0.5141545534133911
1199736513821890253,0.9913278460502625
1199836295713269742,0.798982098698616
1199883399073642593,0.20626155138015748
1200063309066901596,0.7934857904911041
1200077750534663342,0.6686592608690262
1200838327772455751,0.9923191666603088
1200845289538053411,-0.2777786652247111
1201223287373904532,-0.9777735471725464
1201309405326013254,-0.2176784873008728
1201506544180695267,0.8037257730960846
1201677547178501693,0.5665763318538666
1202060307334374538,0.9446579813957214
1202317275598959433,0.769762533903122
1202374785391847429,0.9453023076057434
1202399963231968617,-0.31898297866185504
1202692393044074241,0.9844877123832703
1202848558429746640,0.37906152606010435
1203392755414705282,0.9722479432821274
1203392996258358022,0.3970270097255707
1203420979293182376,-0.19543718099594115
1203472996175667257,0.5414511829614639
1203592388672995427,-0.3137660026550293
1204082775825811035,0.4984230250120163
1204376603356228979,0.6374931732813517
1204425299951580758,0.4054869294166565
1204782268470967615,-0.9610694646835327
1204806940461069969,0.48639631271362305
1204956469616398690,0.34272656838099164
1205959158364782836,0.18986419439315796
1206372117751263845,0.9992493093013763
1206430253781548524,0.667588343222936
1206454457067374581,0.9403044382731119
1206460134470695157,0.29065840840339663
1206466226819110768,0.9977983981370926
1206474641624915400,-0.7716023723284403
1206501119115733342,0.3159351944923401
1206505241332864520,0.9984731078147888
1206683356701718028,0.4269501268863678
1207048301241567966,0.9680466055870056
1207138598616274231,0.9938124418258667
1207140727779700057,-0.9839274883270264
1207148528602232867,0.8452806217329842
1207223174949780839,0.14172319074471793
1207665486511094184,0.9815970063209534
1208039995358105737,0.2722189426422119
1208433950921549635,0.003159165382385254
1208648166489199483,-0.0027200162410736086
1208774966180253027,0.014019578695297241
1209218539779486448,0.8023772239685059
1209234053006840735,0.22435259222984313
1209296764312533435,0.9295948147773743
1209527391907353565,0.9946958646178246
1210150864546377930,0.9401752650737762
1210208296530286510,0.6514738755566734
1210763619249337683,0.9764939397573471
1210801953554219676,0.21726138591766359
1210823347109001444,0.46232084929943085
1210990109384866552,0.6063013843127659
1211333844189838346,0.9953258037567139
1211357696300917040,0.89241042137146
1211365140814818222,0.677321215470632
1211443069474340887,0.9435230702161789
1211533821308819063,0.3534103035926819
1211534302657833584,0.5834669888019561
1211534940485885702,0.5003770351409912
1211559691750141193,0.9077179700136184
1211729921364183419,-0.9874087572097778
1212001088412998318,-0.23767040173212686
1212013699146499274,0.6708088517189026
1212150578687301597,0.9858465790748596
1212244523869221864,0.9983779191970825
1212257987993392782,0.9831244587898255
1212261147746937303,0.9950815737247467
1212264648981408685,-0.030182786285877228
1212800886198058118,0.726563173532486
1213015063129420631,0.7131757310458592
1213016264673678393,0.688946110010147
1213026270642456498,0.9916642010211945
1213055855671272983,0.47663640379905703
1213530659577709562,0.6513107352786593
1213651512766690286,0.9967154562473297
1213724488258827010,0.580416738986969
1213725406646173813,0.20812889337539672
1213731585264478264,0.04465162754058838
1213900426572245863,-0.2633337080478668
1213905374113833282,0.28392483592033385
1214441387642991431,0.3425147334734599
1214622611888718902,0.9939045906066895
1215155207613823768,0.8984082370996476
1215742703644354455,0.9746815323829651
1215982334703939919,0.7964173853397369
1216454947826897036,0.533351030614641
1216492623523192555,0.9960963726043701
1216502719437802875,0.9960842132568359
1216574101894177612,0.2146119773387909
1216576637541301510,0.3302500049273173
1217100293280295288,0.9994876384735107
1217161539741313356,0.9966893196105957
1217212666932662366,-0.7468942403793335
1217217043402704433,0.9950987100601196
1217265947186089524,0.009223371744155884
1217285677569086576,0.49073944091796873
1217292450608594051,0.24394956231117249
1217295840784584180,0.9721158742904663
1217300038470955158,-0.9786770343780518
1217360828779202193,-0.9273805618286133
1217487796463425866,0.7844970405101777
1217559746185661161,0.9993413090705872
1217559796001319658,0.1389293670654297
1217559809239050321,-0.7941719889640808
1217559907407964467,0.9923525452613831
1217559937731347988,0.9879299402236938
1217560617604349289,0.2662692368030548
1217560859371686446,0.9945161938667297
1217560942830703002,0.023972630500793457
1217561299874072276,-0.9901982545852661
1217561307734818244,-0.13893666863441467
1217561308586303323,0.00887271761894226
1217561418333082094,0.9984292089939117
1217561440052967272,0.005996912717819214
1217561502988267180,-0.9003660678863525
1217561685220548155,0.9928496479988098
1217561693830335599,0.9994284510612488
1217561934789263999,0.8027486006418864
1217562589620864359,0.9996817111968994
1217571664788665781,-0.9890211224555969
1217572734642992702,0.9040574431419373
1217841396817609988,0.3862172275781631
1217886841568390883,-0.944349467754364
1217889290409624789,0.7710840761661529
1217895181717447057,0.9971358835697174
1217909587698007046,0.9254278242588043
1218009154149779571,0.7925965487957001
1218023148435755777,0.40892861949072945
1218025137760055075,-0.9515702128410339
1218039581790309336,0.021954655647277832
1218046723006315499,0.527319923043251
1218050063863692019,0.45984342992305755
1218053467005515748,0.801626592874527
1218162269947480463,0.6057249903678894
1218246328915644316,0.9671269655227661
1218675917828964223,-0.9948832988739014
1218743523205158276,0.41944036313465666
1218755989829362537,-0.9759930372238159
1219526300834719206,0.7955967009067535
1219614148558845426,0.40768166184425353
1219650178546461307,0.012862080335617065
1220295195361010168,0.5172095775604248
1220742058493026780,-0.9944254159927368
1221497190530607781,0.7052986451557705
1221541565105874221,-0.9805358052253723
1221691566248375820,0.3966542184352875
1222281957968566204,0.6329994946718216
1222629953838201297,0.9579480886459351
1223052566757428818,0.4890364408493042
1223095787545725217,-0.5765980109572411
1223106177450556867,0.4419744610786438
1223152414466541864,0.9996891617774963
1223331587927890106,0.03236819505691528
1223630612230434201,0.9937056303024292
1223694584081519546,0.5313492685556411
1223771255383773967,0.7950657725334167
1224533714504705406,-0.32026880979537964
1224673022607563908,0.9992076555887858
1225239284419223823,0.5841376125812531
1226147272630280702,-0.9903833866119385
1226571822079404289,0.6267549633979798
1226708413869250918,0.12292649916240148
1227438924884379356,0.19867540895938873
1227488267118467036,0.6761630356311799
1227551953195326704,0.49489509463310244
1228144912522196132,0.7732202172279358
1228871940313863854,-0.5701144576072693
1228876825974256000,0.9991236925125122
1228897732029689476,0.9808407425880432
1229457931698372138,0.9824402034282684
1229477866155520454,0.05772900581359863
1229679803081888335,-0.7124968270460764
1229695113641189125,0.6450826346874237
1230532455065351654,0.9978409111499786
1230919354616100947,-0.3492123484611511
1231607387137192676,0.9843016266822815
1231793386748291628,0.9355870485305786
1232353999338936078,0.387041711807251
1232386795683487802,0.1820850372314453
1232387060082992999,0.9938364505767823
1232450903309050288,-0.14007289111614227
1232471510499967277,0.6539801756540934
1232698235497451851,-0.1659134566783905
1232742436369540707,0.9776042103767395
1233035255545250219,0.9885399426732745
1233234325654896511,0.1300601840019226
1233456044971977737,0.41839396953582764
1233831612085532307,-0.8757320046424866
1233835770361722344,0.041934385895729065
1233841683100923869,0.3606691718101501
1233910014956024906,-0.9971174001693726
1233921862321885871,0.3318599263827006
1234531866426645007,0.9608234524726867
1234646024591496120,0.5465893626213074
1234660234454728983,0.3720718026161194
1235385806917912747,0.9837237477302552
1235417771732009413,0.9872855693101883
1236019924242232066,0.992252254486084
1236285666417455881,0.541974233256446
1236764482829054859,-0.3159732023874919
1236989665081669766,0.999562680721283
1237656012592785022,0.9983605027198792
1237796670200237879,-0.2524368494749069
1238136363054106092,0.4954483360052109
1238212326344790106,0.5914262712001801
1238264229652602810,0.994417647520701
1238430895374105597,0.9985892375310262
1238436694008169095,0.9525516629219055
1238542020520896548,0.6511427064736685
1238936897023760742,0.9962438344955444
1238953635778681007,-0.9749607145786285
1238960346724422496,0.704318031668663
1239660595257811330,-0.8428317904472351
1240281896277678136,0.999342123667399
1240590974683999125,0.9983459055423737
1240628870834446118,-0.10411256551742554
1240632444563475836,0.5464297905564308
1240663643496492830,0.9807253309658596
1240735514513718811,-0.19827309846878052
1241215155203967672,0.8509356081485748
1241848346251149056,0.0007803142070770264
1241893019953685546,0.9967489838600159
1241922864563712436,0.9985350966453552
1241948845103290873,0.9609924703836441
1242009183831420195,0.9096503496170044
1242113581694258764,0.5918934226036072
1242580556446472898,0.7741901874542236
1243386074517534720,-0.9963932633399963
1243425579417962340,-0.13502504995891026
1243910401756607479,0.9855563044548035
1244048222837551398,0.7603112459182739
1244265214975636041,0.8328203856945038
1244282822214478901,0.06793606281280518
1244292809011437295,0.9997473359107971
1244626037105570803,0.9988623857498169
1244667481966610477,0.7536857426166534
1244701707977601609,-0.0545441210269928
1244831452775641967,0.5326460659503937
1244842597064135968,-0.9885599613189697
1244859336748502682,0.42243329882621766
1245016554304112905,0.9816777408123016
1245235516317315142,0.9862010478973389
1245244428555921890,-0.9657990634441376
1245595696362522278,0.9981975555419922
1246226208496330686,0.9798160394032797
1246281946024629875,0.9931897997856141
1246306759871948775,0.5943487584590912
1246429551729965682,-0.13182658851146697
1246496001940891370,0.8853411873181661
1246917635658274742,0.618312132358551
1247625415976199041,0.5804272055625915
1247996944808838024,-0.3683281600475311
1248440507439641766,0.02880818247795105
1248451699338106710,0.9982572197914124
1248597805127311277,0.7639851093292236
1249051997028257738,0.10028958320617676
1249060900412409247,0.7156866133213043
1249069537053937613,0.018881142139434814
1249071669220413611,-0.9086002111434937
1249074306629717263,0.5272348920504252
1249112778441113731,0.21060384313265482
1249114592198847808,0.999692976474762
1249129758246761911,0.9679923206567764
1249421045141820353,0.999248743057251
1249772526718840085,0.14718221766608103
1249969513345131825,0.9850361943244934
1250445157211472982,0.7972782552242279
1250483849411025938,0.7982630848884582
1250646665736390886,0.9975299835205078
1251425408686138543,0.8397112131118775
1251925401461703576,0.7866231381893158
1251990708000959956,0.36706528067588806
1252002326221900463,0.979483323437827
1252797943896779163,0.716742992401123
1252807430563530412,-0.36241580843925475
1252950236126840145,0.9664164582888285
1252994936514333794,0.42443251609802246
1253010485460852116,0.01112392544746399
1253029814233016493,0.8447887897491455
1253034817929094029,-0.955327033996582
1253314228071617433,0.11045783758163452
1253325537326573390,0.5723487317562104
1253362661063465886,-0.07630170385042827
1253375203064517442,0.9917926788330078
1253435027274120812,0.15996422469615937
1254129859635837105,0.692893248796463
1254191143163449180,-0.9764120280742645
1254203742094815320,0.33593114217122394
1254207854042374464,0.4293360859155655
1254226993336389956,0.15697879450661795
1254248933602188177,0.9863266348838806
1254374605714969002,0.9956821799278259
1254453011350458494,0.3534508877330356
1254933097827595796,0.9971558451652527
1255015122209633727,0.39456702768802643
1255066295171005204,0.15397388935089112
1255135081836746413,0.9997768998146057
1255214854810198300,0.7641986211140951
1255642369991799990,0.9980085492134094
1255680184765925919,0.7780094504356384
1255722265477228189,0.977164626121521
1255750201933993255,0.9921310544013977
1255997575374619683,0.39118036925792693
1256971924928288655,0.7437708854675293
1257117439266254036,0.7954798817634583
1257345668799295933,0.42175323963165284
1257354199535563423,0.6591928213834762
1257363908190019412,0.9675516307353973
1257817972211492202,0.9766366481781006
1257913971827121052,0.2363130822777748
1258091696934953196,0.9994904001553854
1258456160289526036,-0.5679741203784943
1258463143838030299,0.6471432864665985
1258517260290231062,0.9987698197364807
1258554108288318519,0.9983779191970825
1259257617043647117,0.9991672237714132
1259301261464701974,0.8185041010379791
1259321970570019683,0.7891294479370117
1259358336758004624,0.9212812125682831
1259520738571482466,0.6725417077541351
1259566532994847686,0.3024848163127899
1260018122923549433,0.9402822703123093
1260063668807860220,-0.0049715876579284664
1260935317173681675,0.594341242313385
1261468498172153299,0.9888487637043
1261471551388297343,0.20187077522277833
1261608884519455883,0.436453515291214
1262240131659682727,0.39694910049438475
1262404943162354129,0.4056109607219696
1262433622135966065,0.7871603906154633
1262705310774164420,0.9983779191970825
1262772489660398110,0.9708818197250366
1262794746806648639,0.607765531539917
1262843553644044333,0.9991422891616821
1262908767888239378,0.3404835065205892
1262989869989616980,0.7937188446521759
1263574939309463535,-0.9939455389976501
1263606497069726658,0.9682952662309011
1263779332597400646,0.027285099029541016
1263780673029133221,0.9662619531154633
1263790138676958136,0.9992943406105042
1264403251440181351,0.20343673825263978
1264906512558534249,0.6031714022159577
1264946695793292666,0.4797419548034668
1265023635677277104,0.5091120809316635
1265029188524370014,0.9979268610477448
1265044294608370864,0.6030448019504547
1265102811714978034,0.4430697500705719
1265743664189680052,0.9988990724086761
1265877736267571808,0.7765319347381592
1266704381103670203,-0.9914138913154602
1266773895868172628,0.9970824420452118
1267294590815800877,0.5221131205558777
1267307391473121562,0.05781232118606568
1268618756758707731,0.9969218373298645
1268931224626753646,0.4734771490097046
1269370688576845758,-0.34060591757297515
1269377229660940634,0.5803869903087616
1269406503261637040,0.23722298940022787
1269430943941687172,0.2544544994831085
1269505696907826800,0.24657968878746034
1269520362242532711,0.9842973682615492
1270264673909458757,0.9951032400131226
1270265259525621296,0.5298068970441818
1270886214516721743,0.9959631562232971
1270987209552736398,0.9918109714984894
1271003543661183207,-0.09230839014053345
1271071172303210953,0.9970118999481201
1271083729006855400,0.7376193329691887
1271096970904073978,0.06909487247467042
1271602648523748728,-0.1462482988834381
1271778896922871319,0.9997429847717285
1271803004262713942,0.7542937994003296
1271804915770494867,0.9996386766433716
1271828835445598313,-0.996658205986023
1271860078715319979,0.6214946125234876
1271887404603101694,0.9981185793876648
1272490826301395241,-0.9648647904396057
1272939397459835567,-0.3898388147354126
1273194526124131461,0.9997544884681702
1273617709032612176,0.5310188293457031
1273932542831175546,0.7514445952006749
1273985189246102893,0.7387789934873581
1274038609889796767,0.579281622171402
1274052846253988184,0.9996772408485413
1274062706567439587,0.9973389506340027
1274401604450431172,0.987804114818573
1274654362328225969,0.9956285456816355
1274781802614590706,0.60046107172966
1274805639696784186,0.7466656267642975
1275143116253378517,0.32836663722991943
1275207739827792796,0.4246728079659598
1275290079221251311,0.3444033175706863
1275541471799205754,0.7370203988892692
1275886104527271367,0.013172298669815063
1276029645848677830,0.13869503140449524
1276577291376077307,0.996955618262291
1276766742662315375,0.9924212396144867
1276897892492009013,0.33409935235977173
1277347028313188168,0.9457484483718872
1277457376584187683,0.7918716132640838
1277480406088636213,0.7826806902885437
1277480674149335943,0.024855375289916992
1278190383552333726,0.6204314470291138
1278191385437357642,0.49964720755815506
1278200955850633531,0.2971430718898773
1278288412051379277,0.4775704826627459
1278335777921591385,0.7966659605503082
1278346401048441968,0.3320181104871962
1278818231958326592,0.9913453161716461
1278968658721334051,0.9933645248413085
1279244802350356951,0.8003906011581421
1279517856499319273,0.9997639656066895
1279526801434504524,0.2924088478088379
1279581648824430843,-0.10864672064781189
1279622742660523596,-0.0047594189643859865
1280939367078067458,0.6393594920635224
1280962282744161810,0.9960809230804444
1281018060756956672,0.0017674267292022705
1281026680478420015,0.7083162268002828
1281800472390754764,0.33851367980241776
1281894343528191070,0.42112378031015396
1281901004682241774,-0.09478598088026047
1282316335883715400,0.9901069551706314
1282508099815232720,0.08507745265960694
1282567344197246245,0.33843374252319336
1282613041936697784,0.9955289959907532
1282684263370716977,0.81022147834301
1282778435009826708,0.41238024830818176
1282810919810774897,0.8264987200498581
1283179029078777744,-0.9962482154369354
1283210978489444363,-0.2285129815340042
1283287247915975256,0.7874730825424194
1283287326702304341,-0.9745199084281921
1283302710561327540,0.9934670090675354
1283460699448223620,0.7857281565666199
1284139006623519474,0.20187855362892151
1284143119511703997,0.9977367652787102
1284224412893473501,0.4904335677623749
1284543387713815392,0.8236928343772888
1284603755802912961,0.4080493628978729
1284623779620509727,0.9945107102394104
1284641892052625569,0.9975855052471161
1284666106447714341,0.10784119665622711
1284692148563229237,0.9985834002494812
1284708516401588581,0.6696070432662964
1284739075149331686,0.3900166988372803
1284759781099679729,0.9997632503509521
1284765650564922438,0.20913596153259278
1284789307112222943,0.9982722997665405
1284823123528041160,0.414939820766449
1284851117815745456,0.6939159135023752
1284876913632156149,0.9550299942493439
1284907151476506722,0.7034463942050934
1285213659394748069,-0.3441952069600423
1285231478106971461,0.14490729570388794
1285253632299035728,0.9811774066516331
1285279206184610071,0.9672762751579285
1285312982445129777,-0.956778347492218
1285353761574419095,0.4160057485103607
1285374915402951880,0.9872061014175415
1285380238312022953,0.0926557332277298
1285397755069745921,0.4780165582895279
1285477720247316466,0.999249279499054
1285528016140648048,0.34196444352467853
1285551647759518903,0.9963236848513285
1285594765079428986,0.41302592555681866
1285616190674691054,0.02224270502726237
1285652416744599334,0.9877116481463114
1285883055126769176,0.496318981051445
1285898226936340207,0.9988120496273041
1285916227932743129,0.9989545543988546
1286031372853071215,0.46926185488700867
1286148159633244816,0.6144433975219726
1286180295749419087,0.9997429847717285
1286230617480036123,0.30960837999979657
1286687807564023606,0.9720468819141388
1286817348795228816,0.375360647837321
1287511601759359131,-0.10563334160380894
1287516150486476805,0.9953312476476034
1287521170252624764,0.1153439849615097
1287531856907398386,0.5465635988447402
1287567660242819017,0.5945047378540039
1287613629580235060,0.5014783814549446
1287619224299232451,0.09788699944814046
1287665435147006675,0.6261440515518188
1287824856541476515,0.5665159106254578
1288234713032138913,0.9958722591400146
1288252056388649766,0.8485898464918137
1288306869939504695,0.9954005181789398
1288376725662169638,-0.46926558017730713
1288468016266947665,0.7724640104505751
1288577968731701689,0.21329178810119628
1288902960689738886,0.659990417957306
1288947081700569368,0.9993529319763184
1289100247721580575,0.42874476313591003
1289795554396022361,0.3758930762608846
1289826096445252458,0.04603607654571533
1289856952815702418,-0.1671860615412394
1289859937386513302,0.867878278096517
1289933542556017195,0.33790177702903745
1289939337084139384,0.4525397151708603
1289980660387076877,0.5808721125125885
1290007270252924080,0.40096280972162884
1290311214044473969,0.3996473550796509
1290381133010330883,0.9988940954208374
1290470962485440312,0.08428728580474854
1290502523750648784,0.9996234178543091
1290504517937290194,0.3294666012128194
1290505023354675822,-0.2533298929532369
1290662545222739158,0.9741519689559937
1290727990892309443,0.9927271604537964
1290750595554007999,0.7973177194595337
1291040289083936043,0.5982167482376098
1291233805714243385,-0.9863323271274567
1291911198566871817,0.9799424469470978
1291923140966258440,-0.9942505955696106
1291962550020729262,0.994866207242012
1291995484967969822,-0.26972774664560956
1292089661292677585,0.45306395888328554
1292210282153940094,0.0008178949356079102
1292540753366252044,0.40704949498176574
1292544803873422694,0.26193310022354127
1292557586812525111,-0.9343853294849396
1292890446501136485,0.8038540929555893
1293258523731552548,0.9806117216746012
1293283039503192569,0.1547373652458191
1293354102568982377,0.9960368275642395
1293368935526912239,0.13123393952846527
1293411564850116683,-0.3337455590565999
1293448918063307474,0.3459019213914871
1293449409898570457,0.598716014623642
1293568013916957430,0.9893605411052704
1293655133114223396,0.9971402108669281
1293660050426168604,0.9687461376190185
1293709712155558059,0.9926113188266754
1293740527479125154,0.10445145666599273
1294036601020478665,-0.997294545173645
1294084745138325214,0.5903521001338958
1294085223330415783,0.9308727622032166
1294095723423974251,0.7855505049228668
1294143450370709736,0.32636117935180664
1294158108204322809,0.9254820346832275
1294247906384877700,0.545266330242157
1294282115107146856,0.9311797142028808
1294660615831288307,0.8964242041110992
1294841557188156671,-0.01666991909344991
1294977962069914098,0.1665963739156723
1295480429230797402,0.6364379018545151
1295500196281077930,0.20697252750396727
1295660460065753609,-0.9711858034133911
1295680214573178479,0.48175311940056936
1295767170217388034,0.5982836484909058
1296274944002430054,0.3440752824147542
1296882666078805388,-0.003607839345932007
1296917432756678349,0.8341141045093536
1297016874454292943,0.797248375415802
1297034536787151000,0.6007499873638154
1297077352128904156,0.9993946254253387
1297093557448658061,0.5645503103733063
1297136178088719649,0.5576087176799774
1297220330651472180,0.7158753365278244
1297229701612147110,0.3549391296174791
1297291254893769008,0.9871382117271423
1297668650828821883,0.9984243512153625
1297672607862972702,0.9949732273817062
1297762161664816261,0.49470663368701934
1297823081336504983,0.9873575419187546
1297833790218131941,0.28849796454111737
1298384903877578222,-0.30475910504659015
1298620601324369580,0.8989059541906629
1298678836215746604,0.7341835111379623
1299155992219903727,0.9979702234268188
1299222135428837800,0.4936831474304199
1299344636372466644,0.8804941356182099
1299410612292599374,0.968620240688324
1299784259147043967,0.027636468410491943
1299812452758874465,0.9819393754005432
1300144347861996852,0.9787106871604919
1300148470481673109,0.5961271405220032
1300233926618761584,0.6451448996861776
1300547304488827775,0.5340173870325089
1300829486687239426,0.9978558421134949
1300864496687190891,0.6433922449747721
1300864694192330061,0.16479355096817017
1301584234877260626,0.003309309482574463
1302032802792055373,0.9994904398918152
1302049808819648113,0.24462837725877762
1302070429007992064,0.6059380948543549
1302139152048645602,0.7917633473873138
1302173271665677924,0.7983745574951172
1302193855583573881,0.5417347103357315
1302687279298314732,0.555458950996399
1302801291654051909,0.21921038627624512
1302805517642388663,0.5099254416094886
1302867012145704734,-0.2329092264175415
1303017172200531066,0.0407080352306366
1303549536466166737,0.9649992982546488
1303599908167746036,-0.8975316882133484
1303758094612916857,0.9909320324659348
1304223836698052814,0.3537867913643519
1304243306298766499,0.4173761785030365
1304275589953095514,0.601598584651947
1304290877682662961,0.856912124156952
1304837118469038826,0.4868735836611854
1305015832852708670,0.761006666554345
1305029064528044601,0.41792560120423633
1305079081057858044,0.09879598021507263
1305091573007517913,0.7020887136459351
1305125389268437369,0.4648654878139496
1305263090700061448,0.6053054730097452
1305600804519905593,0.6631636420885721
1305622172186165290,0.3582799235979716
1305631286074189910,0.9995551109313965
1305647007477794212,0.2961211833688948
1305650008045030959,0.9363380670547485
1305650931104172367,0.29557344913482664
1305652733028228358,0.7091875757489886
1305708443234224023,0.7867093324661255
1305752854481835350,0.6668744146823883
1305769194866039532,0.9269873768091201
1305776539072978398,-0.48075881600379944
1305776899197336538,0.9613278806209564
1305782838028799706,0.41253520250320436
1305838591220277439,0.01637338399887085
1305848405234191786,0.6700931390126547
1305854047202198316,0.33252431948979694
1305864475433543051,0.5429465472698212
1305917020709355647,0.8423224985599518
1306317468665986455,0.9995442628860474
1306546830883688433,0.3864159323275089
1306581861636874836,-0.04122120141983032
1306680959060512531,0.7085380979946682
1307120654918782655,0.9936404287815094
1307121379389048923,0.3266935745875041
1307161162458932748,0.8106755316257477
1307170115589893043,0.520691528916359
1307269702802818793,-0.08888952434062958
1307273582305802695,0.9963098367055258
1307300999052165361,0.9882800817489624
1307526709217455064,0.3374064266681671
1307950376510649123,0.8469955742359161
1308111411023429440,0.9946869015693665
1308548248339494619,0.9968711733818054
1308611773641977117,0.6989071794918605
1308841560650469024,0.6024430394172668
1308844211340744494,0.29180441200733187
1308867465633907653,0.5858288168907165
1308892404593611792,0.7785981953144073
1308898638124225126,0.42605602410104537
1308931262894908410,0.33835489451885226
1308966356540877212,0.5871886253356934
1309238006470647022,0.749720898270607
1309258299666166361,0.00742308497428894
1309280057171296464,0.561774366431766
1309336597910607138,0.6253046333789826
1309338654750957291,0.5873115241527558
1309352456205397808,0.9246219247579575
1309380010077750605,0.5947973251342773
1309396524367311540,0.19557418094740975
1309410213643411268,0.457260337471962
1309415494727476394,0.7599428825908237
1309426412388032081,0.9210415869951248
1309943603173574975,0.9993622303009033
1309966369776993309,0.5043281838297844
1310029432814712403,0.6065043032169342
1310044547746857851,0.2030304729938507
1310262391945388500,0.6924240738153458
1310379625720757083,0.9084843039512634
1310380840075777886,0.24321147799491882
1310381950882907689,0.8126770183444023
1310382955013737426,0.9382510334253311
1310387928441030921,0.3051964670419693
1310392496077089639,0.5987635254859924
1310694848864290268,0.7406436130404472
1310696573741454726,0.9988167881965637
1310721462538971880,0.4784741073846817
1310808328750595930,0.03281044960021973
1310842747238053563,-0.48395970463752747
1311392777433303050,0.9975921909014384
1311470275028904091,0.06188109517097473
1312434667530334697,0.04230437108448574
1312986048405096405,0.10295744453157697
1313031110062374270,0.8153464595476786
1313062400528773850,0.9995616376399994
1313075154629293199,-0.07814997434616089
1313605984627886724,0.9925395011901855
1313737555195653684,0.5975288450717926
1313751619402604339,0.9613716304302216
1313761948425355431,0.2784980684518814
1313769770070506433,0.9822713136672974
1314356668437994705,0.4051617026329041
1314465316625531183,-4.231929779052734e-06
1314482689293037506,0.6311472654342651
1314485257739219297,0.6210372447967529
1315124132592237489,0.19957975745201112
1315168591643009839,0.9340402573347092
1315189877449753771,0.8441546738147736
1315204827763936712,0.39235391550593907
1315206980966658429,0.8341033458709717
1315207241131448579,-0.9647373557090759
1315220209797053541,0.9024206399917603
1315744728499013150,0.060699403285980225
1315858565975968261,0.11445049941539764
1316504792614867221,0.6634881595770518
1317318416043310797,-0.9934678077697754
1317461952515603864,0.3332708477973938
1317889112603486274,0.984908401966095
1317965052979105904,-0.9731248021125793
1318063856373851687,0.9996493458747864
1318101064115922516,0.9957261482874552
1318144518286778861,0.67263343334198
1318188962096140852,0.32885425431387766
1318224366958746235,0.4905709981918335
1318261392115615782,0.6981497317552566
1318499606580226242,0.9637052714824677
1318857130029907498,0.8366194665431976
1318863233818026580,0.45685499608516694
1318873273218613867,-0.9912224411964417
1318898301899655578,0.2780638568931156
1318996969736133199,-0.9496104121208191
1319018204905486190,0.49623730778694153
1320105328878024345,0.948747992515564
1320285214559524102,0.9837969243526459
1320428462607787215,0.0024986565113067627
1320492016879884415,-0.15919120609760284
1320788793188815271,0.7395161390304565
1320917824388940616,-0.2915490120649338
1321099659537187009,0.8387593105435371
1321765093173683740,-0.022945940494537354
1321780728981744999,0.999379575252533
1322032833198159098,0.4869783818721771
1322679389004656826,0.8844110568364462
1323045100264024437,0.6140473484992981
1323054376982143911,0.4998655393719673
1323064769398545099,0.017674744129180908
1323081901014464619,0.9808139602343241
1323104653482879023,0.4927330195903778
1323190388866185446,0.06360280513763428
1323198083990463398,0.4745712399482727
1323223762651444130,0.9625390768051147
1323262973442429832,0.40576587021350863
1323266721609580891,-0.05149303674697876
1323457899391109301,0.9082548320293427
1324807717110677142,0.15238579681941442
1324863336874351454,0.9995307326316833
1325158882740769645,0.9872122704982758
1325260463636290479,0.9994385838508606
1325466793430324048,-0.9316645860671997
1325480446889576747,0.9911229610443115
1326169225546465801,0.6703590552012125
1326551689565780095,0.5729100902875265
1326701250013021321,0.9972994029521942
1327547493398894063,0.997322142124176
1327551103126737878,0.9980597496032715
1327794279737933446,0.373482221364975
1327971240916128358,0.9891571402549744
1328196808820942105,0.7506666448381212
1328218876982725735,0.9847327470779419
1328816226260667801,0.5003397166728973
1328903126424199554,0.8072955489158631
1328989943435849813,0.9970343232154846
1329209984630319226,-0.9576119780540466
1329477037890769169,-0.9590836763381958
1329485658683372898,0.5968567192554474
1329546459316743668,0.8333189785480499
1329616887332704464,-0.5891187191009521
1329709099761679501,0.976797902584076
1329771098855151785,-0.02511313557624817
1329830886036318315,0.7963912665843964
1329869555859981376,0.9971701502799988
1330237203795524256,0.9966667890548706
1330298755986751292,-0.9430903792381287
1330469148035223144,0.57662393450737
1330551335349505519,0.5618384003639221
1331142056596264122,0.7980680584907531
1331941389941466042,0.6219450235366821
1332259753285075714,0.7473433434963226
1332700481477764579,0.419268399477005
1332748081477145754,0.08639899321964808
1332771680077587420,0.8910325368245443
1333142805447668102,0.990752249956131
1333323191305415751,0.3336537877718608
1333440917963488502,0.1993831843137741
1333506661721953928,0.38264689445495603
1333933926720345460,-0.7773860692977905
1333934813337158978,0.764284590880076
1334023711431577443,0.9414521515369415
1334195752999701006,0.7787586867809295
1334582018341812015,0.9968727827072144
1334587272237062277,0.35232165455818176
1334665833365260271,0.9991239458322525
1334682017403482236,-0.9992428421974182
1334691352522230784,0.1841031551361084
1334864851294598904,0.4945159763097763
1334902746512358218,0.3495783805847168
1335585509959980477,0.4674612283706665
1336174901368877886,0.5082321614027023
1336251697425326077,0.9982475638389587
1336252703638711700,0.7630099952220917
1336265326843632923,0.004176437854766846
1336544073727357803,0.3683100461959839
1337670557531815906,0.9926306009292603
1338238615269372053,0.9967220723628998
1338382022415462889,0.3200297313077109
1338383029702717606,0.26512362957000735
1338402355092695492,0.9946165382862091
1338455567179889745,0.48088671565055846
1338491162903475270,0.9987777173519135
1338543400695614470,0.20020470448902675
1338564639629860433,0.24059579372406006
1338944080381914855,0.5927462458610535
1339073160429385060,0.4301287020955767
1339259763232490433,-0.9986071586608887
1339639737165163834,0.2571192532777786
1339688394648032345,0.9922451632363456
1339749239986247846,0.7813386201858521
1339760803688317877,0.9661581814289093
1340005995586970192,0.513807401061058
1340013028883110416,0.9988105297088623
1340040384400253525,0.9997642040252686
1340384479391480365,0.9869274795055389
1340395522002477309,0.4767223417758942
1340405896031731096,0.9959757328033447
1340505672187386601,0.6295286814371744
1340557204569459426,0.6940837651491165
1340560859961718510,0.9991315007209778
1341164964551818705,0.6499706937207116
1341233418036518439,0.9871820310751597
1341883274758926745,0.3362657427787781
1342598855755358454,0.5099957585334778
1342779056407626249,-0.990626871585846
1343369973024920106,-0.2860257774591446
1343424354074518129,-0.9382742643356323
1343518548279303162,0.8971665561199188
1343621507947026115,0.6176058113574981
1343970386844788502,-0.1868653655052185
1343975486077589523,-0.35757166147232056
1343978571753970268,-0.9906655550003052
1344117382396985362,0.9983779191970825
1344862385517394783,-0.9982144236564636
1344890526507381815,0.7514984160661697
1345502093445444553,0.9145186543464661
1345558390903330143,0.020573385059833527
1346564594512263223,-0.9990403056144714
1346565772725272377,0.6891685691144731
1346880409594672855,0.15661966800689697
1347261319462617728,0.9634189407030741
1347291321647316428,0.6907947733998299
1347344901670724943,0.11587971448898315
1347731425456820846,0.9410811762015024
1347783801400220057,0.6074617803096771
1347805811521210984,0.20351787209510802
1347819580346350855,0.19972435235977173
1347946469787985425,0.9964950084686279
1347960992605099078,0.7861550331115723
1348008714655374273,0.8160314597189426
1348320009196045079,0.9836012721061707
1348352579971815075,0.42731491724650067
1348403540906869664,-0.18374933004379274
1348421767430117083,0.5557518133095333
1348433362117043218,0.9820233583450317
1348461577588772641,0.9859808564186097
1348675364384044413,0.5990053594112397
1348719346595048654,0.6587937295436859
1349188769873403990,0.6570459405581156
1349195055454392036,0.9993719458580017
1349209824394335852,-0.3232213854789734
1349272395219087552,0.4896191358566284
1349442832937416173,0.9946772158145905
1349970744221366736,0.30997246503829956
1350080382344915251,0.9977117478847504
1350262182995245895,-0.25249519348144533
1350553891318964632,-0.29818611592054367
1350624413977952664,0.3349960545698802
1350708762935982367,0.02988949418067932
1350801082815540679,-0.9586358070373535
1350816227979573607,0.4809419810771942
1350817811554756165,0.8176451524098715
1350828157972171651,0.9951283633708954
1350841728322935634,0.6469423361122608
1350921756432905444,-0.335513710975647
1351233029554780565,-0.965399444103241
1351946974316060355,0.7239931126435598
1351967179517564261,0.9946113030115763
1351990594034199099,0.9709625244140625
1352011347623808347,0.9849757552146912
1352184831898790664,0.9997203946113586
1352829571702448267,0.9985664486885071
1353406550753060147,0.616317629814148
1353488222260068120,0.9291020929813385
1353589187535634517,0.6163919329643249
1353813752778389961,0.876697301864624
1354042307873411012,0.9119149744510651
1354069499973691536,0.7293565968672434
1354187362585613544,-0.9796099662780762
1354210677820114710,0.014621585607528687
1354246516972925015,0.6398127600550652
1354463500062756011,0.599315094947815
1355234278459081599,0.9837807218233744
1355686032553180768,0.6733091413974762
1355873761320202681,0.016191259026527405
1355876720448615818,0.8881310423215231
1355920480101971005,0.6989817704473223
1355984406780893550,0.5237413644790649
1356001926814469017,0.996858537197113
1356477107991030578,0.9937698006629944
1356657740252228162,0.3267834186553955
1356711945989489321,-0.4498382806777954
1357154228686873315,0.9972915351390839
1357194715265671516,0.9980401992797852
1357254978552429594,0.5714077022340562
1357315164124020089,0.057950764894485474
1357327252096997090,0.9963507652282715
1357432966617688254,0.23744354645411173
1357459228791592689,0.37256453434626263
1357991816940182858,0.995266854763031
1357995115592645444,0.30448851982752484
1358045353180597217,0.3980376124382019
1358469094549968191,0.7719484865665436
1358475022430230580,-0.9984826445579529
1358493279421845331,0.9551321268081665
1358501637299917721,0.9983779191970825
1358527149342775404,0.6843720853328705
1358610575049270542,0.7816170513629913
1358618500012814883,0.017464235424995422
1358732726598145442,0.7132552325725555
1358763937221406750,0.9978039860725403
1358953477480661312,0.9399732351303101
1359547515397522684,0.6247647047042847
1359811835257595317,0.058397650718688965
1360046154305097944,-0.31746815890073776
1360052773887502323,0.5349816580613455
1360053504193559363,0.9984689116477966
1360210274223479702,0.7570570141077042
1360243547260098069,-0.6590536932150522
1360701329669697837,0.963678166270256
1360848524096003078,0.7052905956904093
1360868269513056024,0.7437270998954773
1361027289183718002,0.6017308592796325
1361096629153307361,0.18980516195297242
1361401819595626815,0.9662769436836243
1361447400044257131,0.5467800630463494
1361880475480703012,-0.029116451740264893
1362461703733008076,0.9808753728866577
1362925143597772611,0.2709614709019661
1362961114772909946,0.9983955025672913
1363044049869060486,0.09559397612299238
1363173732937345174,0.7930381298065186
1363548554963165870,0.9976181785265604
1363563934745742039,0.06355497241020203
1364385966612975003,0.9978615522384644
1365118172578978007,0.7744972076680925
1365174142020706438,0.6469801266988119
1365263763010908701,-0.5625965595245361
1365314555159580808,0.9997751712799072
1365835524333702953,0.490215465426445
1365858463385845821,0.9984000325202942
1365864603503864598,0.9950447678565979
1365898285951274265,0.18616465330123902
1365960774591996972,-0.014978855848312378
1365978152362104565,-0.9688684344291687
1366390459484492207,0.5938457250595093
1366597646966639694,-0.9959716796875
1366705784989404796,0.6889226883649826
1366705945357219854,0.9539418419202169
1366706096113315264,0.815419336160024
1366706302798536078,0.32290248076121014
1366716118137675250,0.3585457404454549
1366804929356638308,0.8126325845718384
1366807612049585657,0.7636283189058304
1366808767914669985,0.9682413041591644
1367109959057103513,0.5841106295585632
1367513182070047218,0.806091582775116
1367593692797691424,0.9954036474227905
1367956046607452819,0.2542096674442291
1368191888058634758,-0.2690003116925557
1368642894730471538,0.6433844566345215
1368655346031538310,0.41701885163784025
1368749564805454281,0.6646903991699219
1369276984111041302,0.9806130230426788
1369445944856369460,-0.01435767114162445
1369466879353981739,0.002531379461288452
1369629398291273783,0.33825067679087323
1369681442524833839,0.5517502188682556
1369683910670360349,-0.9585957527160645
1370196723051091147,0.6129418671131134
1370228789685607487,0.4219641387462616
1370245043418736943,0.984125554561615
1370347538921432325,0.675780713558197
1370481011155138906,0.6348281353712082
1370481137656215602,0.45373595878481865
1370489971588999501,0.5127924919128418
1370501394347854391,0.6857084631919861
1370519472208609061,0.30884224474430083
1370528575404248270,0.785519540309906
1370858693073194741,0.0009724795818328857
1370861391980058217,0.15110799339082506
1370869794610114093,0.6144720869404929
1370877824466795960,0.18892541527748108
1370880589694583921,0.55697862803936
1371588816209614074,0.9796984195709229
1371635550678668793,0.5224893093109131
1371891119490751820,0.9988257586956024
1371903259328791569,0.012419861555099488
1371923367724326050,0.21602562665939332
1371931282924782063,0.9995250105857849
1371955674260572299,0.21852108240127563
1372158300867807499,-0.3580726120207045
1372367453591999484,0.44452791743808323
1372404083574308468,0.9904676973819733
1372404127479553294,0.6359352827072143
1373038210578657190,0.9945635199546814
1373053177095271766,-0.9665792882442474
1373120337683775389,0.9997544884681702
1373154667691089099,0.25640590488910675
1373215700227114724,0.9967905282974243
1373233672189655969,0.003957986831665039
1373326506119928070,0.662036269903183
1373462664192161800,0.500516727566719
1373469592757066004,-0.978132963180542
1373709256090417513,0.6981496896062579
1373758046266597824,0.16570757627487182
1373758539016485208,0.990152378877004
1373769521232941843,0.9920841827988625
1373782213016750602,-0.10130858421325684
1373811993368729939,-0.9560298323631287
1373816371604079144,0.35197633504867554
1373870876533986109,0.2953844467798869
1373884055422433905,0.36400824785232544
1374016729847251135,0.9989877343177795
1374086747839613989,0.5564731001853943
1374154965442971540,0.02163529396057129
1374556547766261577,-0.1944550797343254
1374607051084114817,0.9991243183612823
1374634365309198287,-0.9936778545379639
1374878316835758311,0.21354734003543854
1374885439722186350,0.38237340450286866
1374894976156463097,0.9678367376327515
1374903200763567828,0.4418747007846832
1375285907599776215,0.9848648756742477
1375302751998448087,0.7641920447349548
1375306851030987860,0.47974298894405365
1375317617247154581,0.5787925347685814
1375342025116188042,-0.3800090491771698
1375521001967361569,0.5228631407022476
1375883307448460740,-0.11492805927991867
1375887495669267292,0.25680890679359436
1375892162178079027,-0.19494561553001405
1375894675730588394,0.20234441757202148
1375918483247280819,-0.7859763622283935
1376024537444723284,0.9559468924999237
1376057396274499196,0.9714040756225586
1376057657962741456,0.9983766674995422
1376270901355770297,0.9713219702243805
1376270978273942738,0.033752113580703735
1376734710502164636,0.6403761506080627
1376737719012826043,0.2621038883924484
1376795489965119036,0.25262175500392914
1376854753373985471,0.38595835367838544
1376877722864879716,0.13280506432056427
1376925132872285522,0.5893121719360351
1376985409696842997,0.9995161294937134
1376996495240708522,0.9856913685798645
1377388571730132548,0.29183274507522583
1377617385711181720,0.4291030934878758
1377648946421455494,0.9922822713851929
1377650871251142888,0.9995224475860596
1377654163205049792,0.987736185391744
1377666076894513948,0.9937062561511993
1377671249918200602,0.9869115749994913
1377675023420289687,0.9658398117337909
1377677854939792685,0.9933261275291443
1377681052840777721,0.9907892644405365
1377684014931868808,0.9863926966985067
1377691644377710181,-0.023103147745132446
1377691698288700577,0.9803448745182582
1377693939227641669,0.7191331916385226
1377696042782077638,0.9899282813072204
1377698155278292914,0.9996074438095093
1377710228721426003,0.9987402558326721
1377726906527239367,-0.8933420777320862
1378278764119736195,-0.927763968706131
1378288624714689016,-0.07266262769699097
1378309445818548709,0.20663284063339232
1378325784526495737,0.9896106719970703
1378401864551004964,0.9732313752174377
1378421447809370970,0.9550617337226868
1378452504005434272,-0.9887858629226685
1378456500227625276,0.9994988242785136
1378468975473507960,-0.5286561648050944
1378483787903829979,-0.2799201011657715
1378549098377977236,0.8094962060451507
1378759980744841075,-0.002899378538131714
1378773631343088707,0.43211476802825927
1378851713416014543,0.9997429847717285
1378865845252238804,-0.5739431604743004
1378920605382186278,0.16831710934638977
1378977993083997402,0.54381864964962
1379009844406985700,0.23730389277140299
1379017482357897090,0.946438729763031
1379345395962402871,-0.4971189647912979
1379726927767723421,0.999711275100708
1380098217130002465,0.9961992104848226
1380108712634304266,0.9564898014068604
1380181794752600406,-0.9798383712768555
1380270590307165987,0.03325262665748596
1380313103660884859,0.7925360441207886
1380415964525466030,0.08871181309223175
1380419974917966693,0.6691670715808868
1380431056850147981,0.28762228786945343
1380456903939936246,0.7250311970710754
1380563944653487926,-0.03222525715827942
1380638517081709641,0.03864043951034546
1381026606288748407,0.6851246456305186
1381072286225477783,-0.9979938268661499
1381084787935463234,0.8081013143062592
1381125802460923337,0.014966100454330444
1381127136558323970,0.9768767952919006
1381136996863309044,0.23769196271896362
1381139579349036729,0.9992912411689758
1381151382891849490,0.6584504753351211
1381174656985459273,0.9759633243083954
1381300850423535612,0.5707730144262314
1381304694535705930,0.9959621131420135
1381365447209133745,0.9795379738012949
1381658497958922468,0.21916410624980925
1381729262504466519,0.5139554232358933
1381742165127241448,-0.9413256049156189
1381821117938220408,0.7475548014044762
1382028080254026879,0.9937724173069
1382366471091157184,0.9602180123329163
1382589667148491388,0.9990929365158081
1382625908976860704,-0.43750588595867157
1382632227381089303,0.0333435767226749
1383158076500924570,0.9996929168701172
1383404774824558235,0.9996655583381653
1383410266881019796,-0.709892749786377
1383423590004999305,-0.9907596111297607
1383433614622021129,0.7224768059594291
1383893369201268207,0.9993792176246643
1383897897513388418,0.9252809554338455
1383903430650765553,0.5241325110197067
1383907453185327316,0.9991719424724579
1383932122997453662,-0.9837302565574646
1383938166421330072,-0.8435701131820679
1383941688609076302,0.9460993409156799
1383947214905413015,0.33785057067871094
1384135657344167962,0.002598673105239868
1384184866418427160,0.44654380083084105
1384223673468812443,0.3159571886062622
1384434743730516348,0.8421921597586738
1384563137448846352,0.9978558421134949
1384755351561422376,0.998767614364624
1384762468722998035,0.9908182422320048
1384811103911195992,0.43966188430786135
1385329720792938106,-0.0005018115043640137
1385394256586595349,0.5851980911360847
1385424759120802947,0.7479495853185654
1385439718616893103,-0.9643131196498871
1385465290372060623,0.7707024415334066
1385639029727747554,0.5813765376806259
1386091593466659161,0.6595486551523209
1386317675614504175,0.9964076995849609
1386365326613642033,0.9671861231327057
1386713939126670017,0.02113094925880432
1386715537626181228,-0.3267480134963989
1386717270848277157,0.6646672983964285
1386825694844122029,0.945449024438858
1386868927774827714,0.9996864795684814
1386928804317275013,-0.9793247878551483
1387160120131154176,-0.8941684365272522
1387179111136290046,-0.04170358180999756
1387420277298529639,-0.7188413143157959
1387532997939943590,0.9946725815534592
1387677908260055474,0.9833514094352722
1387850192870535816,0.577729868888855
1387929540692380312,0.5483056753873825
1388289908852545072,0.9997034668922424
1388293310213079424,0.36137815316518146
1388296463202758468,0.9748948216438293
1388312797112799933,0.9989218413829803
1388319836078462747,0.41527657955884933
1388322270281618924,0.9993445873260498
1388324448187894718,0.9922260642051697
1388461973732652795,0.9932705163955688
1388492689222737716,0.947998720407486
1388627377824767433,0.3905098706483841
1389284735224973460,-0.9939418435096741
1389831309311365517,-0.9297480980555216
1390307544936437653,0.9983783960342407
1390409784819221732,-0.2674863934516907
1390428521633253321,0.9989963173866272
1390687911535486937,0.994303286075592
1390704369523658151,0.998869001865387
1391085041654425458,-0.8160106539726257
1391232252353208511,0.20038914680480957
1391244441632366172,0.9944394826889038
1391259604141619087,0.9907959461212158
1391275301913828511,0.9558402129581997
1391307088026634468,0.9945275187492371
1391397454886100485,-0.9625886082649231
1391446942200249760,0.5977077841758728
1391451564845988062,0.332225223382314
1391491799887945050,0.3620759579870436
1392014700507256385,0.21026751771569252
1392810932689148906,0.13333896696567535
1392820970490753358,0.9991442263126373
1392857845417799433,0.49474044144153595
1393313997272186505,0.9905433853467306
1393326026792212823,0.933782696723938
1393333196995681506,0.9788024306297303
1393413006780017822,-0.3395548462867737
1394382198575162492,0.36352426475948757
1394885851400332052,0.9870722532272339
1394956064355632989,0.6846895473343986
1395009667439834133,-0.06384092569351196
1395059030496647780,0.8423904180526733
1395420946809959430,-0.9830710887908936
1395441084340757299,0.6019181370735168
1395477748519795419,0.2819882432619731
1395525764512832451,0.12249019742012024
1395534259885303790,-0.3338540494441986
1395753929811840546,0.9864965379238129
1396136124090669964,0.9366079568862915
1396320749439272338,-0.9659683108329773
1396371047479402051,0.9991796414057413
1396426822343544911,0.9978907704353333
1396476171283948127,0.8205806016921997
1396512447137691739,0.9365280866622925
1396849972876146225,0.9989289045333862
1397017466218432102,0.9943897962570191
1397048464615255669,0.9980911612510681
1397052940849496741,0.9997020363807678
1397123320733525168,-0.9933649301528931
1397521620930950973,-0.9917592406272888
1397718862604514697,0.9974808692932129
1397885447226399773,-0.2525838240981102
1397988252457095008,-0.050564040740331016
1398527804228190311,0.9979392488797506
1398552988076376477,0.9996810555458069
1398568374534702807,0.9961273074150085
1398597140733073107,-0.9715332984924316
1398597393171995714,0.9487053950627645
1398720835020185095,0.40912731488545734
1399051225336546861,0.16543675462404886
1399121309235378848,0.3293713728586833
1399206426255630750,0.6641173561414083
1399353350526612562,0.9875403841336569
1399555300213962890,-0.09114814400672913
1399562193364983920,0.1484130961554391
1399566388475802150,0.005310967564582825
1399703987161561667,0.9996389150619507
1399711731531457135,0.5258679787317911
1399791867601080124,0.45336927473545074
1399890021490621752,0.9752975106239319
1399928732269971303,0.962407112121582
1399940204075102187,0.9938818514347076
1399962889358579628,-0.9851099252700806
1400048958141395965,-0.9687284231185913
1400076951083255030,0.9986265103022257
1400141071468827218,0.5470387978213174
1400156094354250098,0.671365961432457
1400177869765520586,0.7860500752925873
1400542391228508471,0.9889039397239685
1400601778272559002,0.9991649985313416
1400606823492026665,0.3950724631547928
1400841991981506300,0.9960319995880127
1401329260641696082,0.9850010474522909
1401332277226607235,0.7494952410459519
1401392566524843565,0.08736369758844376
1401628278834070389,0.9948765933513641
1401939589231159176,0.15022675693035126
1401943386505460237,-0.031477153301239014
1401963364643363269,0.7111319303512573
1402033290274080230,0.9744825959205627
1402051944942774736,-0.07932208975156148
1402065986498992451,0.9452390472094218
1402114735817761630,0.9081316334860665
1402134806436314466,0.6689887245496114
1402145778958295658,0.9377619624137878
1402157753650690469,0.7758781247668796
1402187692378900048,0.9994550744692484
1402224651928738353,0.3269985616207123
1402320715239931258,0.038343772292137146
1402372923471895126,-0.10225619872411092
1402380502655033535,0.33814847469329834
1403716804265016300,0.34456857045491535
1403772068818058799,0.9939503073692322
1403797985660231998,0.9449088931083679
1404088024743020717,0.42053763568401337
1404337994593559189,0.9979109764099121
1404372449853370850,0.4956934526562691
1404404312110537135,0.9995802640914917
1404797372408117098,0.9862008690834045
1404831056688774928,-0.769645094871521
1405165319768723010,0.9387340843677521
1405206023600950210,0.9980479180812836
1405219418750760436,0.5050607025623322
1405235708191161061,0.9467334747314453
1405286163463767995,0.46823916137218474
1405612060953062753,-0.9871374070644379
1405738660760180693,0.9932118058204651
1405763331966044544,0.9990063905715942
1405813365511360214,0.9942231178283691
1405815894258631894,0.5949678063392639
1405846692686777579,-0.9893022775650024
1406079048253843088,-0.9744569659233093
1406297359713600509,0.9935420453548431
1406422923975573537,0.9902432560920715
1406516547013911368,0.046129608154296876
1406684030481248249,-0.9978015422821045
1407032805209854058,0.3381628592809041
1407072917359943890,0.015778183937072754
1407220238604057815,0.09075561910867691
1407863918513968245,0.9989802837371826
1407872108950399823,0.9881289601325989
1408002944817881703,0.994540810585022
1408099426345500285,0.46975499391555786
1408102435636322682,0.9857147037982941
1408564310855597298,0.7158358618617058
1408612214283546337,0.99935382604599
1408657814434436898,-0.966763436794281
1409199154278591908,0.997695803642273
1409352093483939163,0.39683005809783933
1409368766628701261,0.9962164759635925
1409368766739850646,0.5879997958739599
1409368767200340548,0.9994100332260132
1410126509712005924,0.40687228441238404
1410425082186243224,0.9980221390724182
1410735651287577956,-0.9792267680168152
1410755822325590154,-0.25063206255435944
1411245199815306799,0.6606043974558512
1411549395239774727,0.053784579038619995
1411586348338450603,0.9935186505317688
1411623873482274839,0.9943250417709351
1411756425136827725,0.9918743968009949
1412173353502302963,0.9883860945701599
1412182821102631235,0.9934476812680563
1412226528554386667,0.9996153116226196
1412226653419916277,-0.9005321860313416
1412226864397489130,-0.00018259882926940918
1412226982570673365,0.999638557434082
1412470635489398476,0.613162225484848
1412967722561185316,0.5988161087036132
1413196931981260078,0.49817152321338654
1413305723500204746,-0.9632954597473145
1413605094474055996,0.9956055283546448
1413656978377398962,0.9958560466766357
1414052338042426371,0.4792507737874985
1414335021518654954,0.9888707399368286
1414346050778046786,0.16359761953353882
1414358445995098753,0.5626306533813477
1414469373604989219,0.9997425079345703
1414702439388016177,0.9992634654045105
1414746230332332074,-0.9960108995437622
1414752812717015482,0.038610756397247314
1414927437381528304,0.6939372221628824
1415062750155796983,0.9993320107460022
1415086319762745317,-0.03628608584403992
1415090466665492317,-0.1957409620285034
1415117666199715180,0.9972869455814362
1415120399725009147,0.9983440041542053
1415142001953956134,0.9997379779815674
1415174301604809801,0.22316918273766836
1415184112351093098,0.32838234305381775
1415302031703428715,-0.33362539410591124
1415468370979643272,-0.9872249364852905
1415741088748079232,0.9780448377132416
1415914341308429558,-0.043866753578186035
1416093019932966417,0.7876813650131226
1416378001204858506,0.9989758133888245
1416424508199067973,-0.828188419342041
1416439360384703584,0.9926794511931283
1416444337490148879,0.30800317525863646
1416636352143311275,0.99920254945755
1416645896787183449,0.03139252960681915
1416754134819002174,0.8740828335285187
1416779857092829882,0.9909726977348328
1417400521410232330,0.9994537234306335
1417419816369369974,0.8878662586212158
1417952306402220760,0.8672467619180679
1418318002041996201,0.339163879553477
1418664248010645617,-0.1660435994466146
1418748399508146551,0.9826869964599609
1419384145801194672,-0.1295267641544342
1419393572750341084,0.04733875393867493
1419448662873710384,0.9986340403556824
1419502770648226922,0.8981260458628336
1419509846102353263,-0.029804885387420654
1419730631228172384,0.5005841851234436
1420014841668713637,0.9975956777731577
1420056346125318457,0.4919840693473816
1420078239403528934,0.9948581457138062
1420094612934143962,0.3396582802136739
1420119092865494638,0.05264468491077423
1420155499137923365,0.8879763185977936
1420158801342733150,0.1952399661143621
1420292364988900085,0.10324984788894653
1420399442758058579,0.9978044927120209
1420430767881330194,-0.5855580568313599
1420446176745618469,-0.9915243784586588
1420454624217924147,0.9357530474662781
1420775807563370972,0.20200084447860717
1420777118966195672,-5.8963894844055176e-05
1420841867659797037,0.27139626145362855
1420934658563096367,0.01515042781829834
1421260659275227544,0.9996719360351562
1421349243477129881,0.9924540718396505
1421434619774989560,0.3640340566635132
1421556158613236008,0.2243121936917305
1421570858008923647,0.5409463246663412
1421615759156764711,-0.9982275366783142
1421628793013754600,0.9746529459953308
1421635437417644896,-0.9982154965400696
1421786864091413369,0.6066088199615478
1421841945271739538,0.16513483013425553
1422033563040431091,0.9977820515632629
1422193850243729529,0.9800363977750143
1422260457540589465,0.007558584213256836
1422367613585286050,0.9737704992294312
1422536115602947113,-0.30644012348992483
1422862026073255790,0.028564631938934326
1423156377427362902,0.7680880501866341
1423191499360427154,0.6141455918550491
1423388119373899509,0.048318520188331604
1423819332812884595,0.3353919784228007
1423852215186263146,0.4879281669855118
1423865850214207452,0.9995343089103699
1423931296647702505,0.9752983450889587
1423950767386202772,0.8530485663149092
1424083141468888043,-0.46592796345551807
1424089222445126283,0.9741050750017166
1424435840135820866,0.4195202887058258
1424523973794985848,0.20769138336181642
1424628938194134519,0.4812348783016205
1424651713017547218,0.33166370789210003
1424687477656556652,0.30756037433942157
1424724145079280536,0.9826732277870178
1424817721880806529,0.8397528529167175
1424825328647992021,0.050921738147735596
1425086293537981100,0.9988276958465576
1425135781445978976,0.6269588351249695
1425287475602425157,0.0028141915798187258
1425520187569432448,0.6480935215950012
1425520913801664815,0.19325421111924307
1425521437332663533,0.22497509717941283
1425799926424817002,-0.9859203100204468
1425953016250729468,0.9639086365699768
1426090912641795854,-0.5436517000198364
1426131717777845787,0.34475093086560565
1426365650581641782,-0.5530539155006409
1426627993311458830,0.3410884340604146
1426661806158830622,0.9996429681777954
1426668761053361354,0.3160960450768471
1426698363137075346,0.5941218852996826
1426887238301101394,0.9993542432785034
1426894119004867926,0.9967362880706787
1427423813039146602,0.9490156322717667
1427511799104190347,0.9833108186721802
1427992203284314903,0.49755163192749025
1428167803467640731,0.9966229332817925
1428926017888520865,0.23241461515426637
1429055409475037654,0.8535834550857544
1429333634190982694,-0.0899290641148885
1429476750533742288,0.49532100558280945
1429490496945325815,0.9837287068367004
1429494849048943642,0.06370332837104797
1429507378124214282,0.3380674322446187
1429511891832044833,-0.9543834924697876
1429515323584655502,0.9327495098114014
1429842888829895146,-0.9431200921535492
1429899634753127598,0.37876107295354206
1430132690109520013,0.3146324356396993
1430159933201442814,0.6034419775009155
1430175150464092254,0.9674725234508514
1430188148185036211,0.3391558527946472
1430204185131994236,-0.9929770827293396
1430349380012835233,0.7702393001980252
1430376347244913225,0.009627389056341988
1430512021870165596,0.9711459875106812
1430549705647302023,0.744174487888813
1430614680504067126,0.6611007650693258
1430615276635641735,0.5862630605697632
1430930725023045381,0.007703930139541626
1430988704379090644,-0.920859158039093
1431068696349348796,0.9869509935379028
1431369397646068696,0.998498284816742
1431629418719294052,-0.9994859099388123
1431658109419562451,-0.009339675307273865
1431756583478163044,-0.9472189247608185
1431772497669255781,0.8864313304424286
1431887445257207902,0.9963872134685516
1431961239782523489,0.9824038147926331
1432665097423677826,0.0012091398239135742
1433430959137757356,0.9994207918643951
1433439872159082210,0.972976565361023
1433923720719386986,0.4609143167734146
1433994195871299883,-0.9983077049255371
1434091441624850389,-0.32384832700093585
1434118502283395358,0.12130111455917358
1434132904584137311,0.9658554792404175
1434193514628306417,0.9983876347541809
1434691639936357235,-0.9992485046386719
1434701735317735551,0.6885675728321076
1434711345435877248,0.917573481798172
1434941968107493227,0.4538459512922499
1434987998067625209,0.2678276225924492
1435219417847580098,0.9990429431200027
1435222850552678463,-0.979255735874176
1435298882253256162,0.995179295539856
1435334562411032902,0.9730475942293803
1435381669093978597,0.8180069526036581
1435413387370180263,0.999533087015152
1435545085184599489,0.9928838610649109
1435794393346098115,0.33388811349868774
1435804856493553106,0.3001917799313863
1435946172294714765,0.6666331986586252
1435990229367156113,0.9866222540537516
1436092847728147038,-0.9720735847949982
1436112541971176456,0.29371931254863737
1436207151576121328,0.9983508288860321
1436313099083452359,0.9983944594860077
1436322526793066288,0.5623061259587606
1436349781210157917,0.9839347203572592
1436418400421754090,0.9972424507141113
1436464916646899709,0.9313466548919678
1436465537394468614,0.9962155818939209
1436487548888469274,0.33517924944559735
1436700150071459902,0.976228803396225
1436803264613813134,0.9741458892822266
1436835370512962629,-0.9980275630950928
1437109053771074103,-0.9321720600128174
1437432602594497222,0.5998506307601928
1437521594781895635,-0.31876887877782184
1437617641635813708,0.9903079271316528
1437693214528554814,0.9546032547950745
1437756001261911719,0.8281689345836639
1437771609004186387,-0.832541286945343
1437796825946466813,0.8528615981340408
1437972225019628218,0.008093059062957764
1437982532636992357,0.9980557203292847
1437985676379273095,-0.0018958449363708496
1437989100050129420,0.9997592568397522
1438305113138696862,0.9207681059837342
1438368357261596482,0.5901146739721298
1438390201958222439,0.9596901535987854
1438496810134194083,0.479595681031545
1438874229996882006,0.2296827957034111
1438962083281414319,0.31670302152633667
1438998314467276559,0.17190278569857279
1439006215725899018,0.992948055267334
1439204288772720712,0.9950489401817322
1439407063911523536,-0.13483352959156036
1439697116303708735,0.9992970824241638
1439739821123544232,0.2382814407348633
1439846647886584108,0.9996848702430725
1439869817231195029,0.7925180991490682
1440354203767511115,0.36379024386405945
1440409825069942115,-0.04624413251876831
1440455561143763428,0.6655853092670441
1440596031434996153,0.9997156262397766
1440730515101504099,0.9528382420539856
1441111925566695321,0.482622429728508
1441327513946350079,0.8822150230407715
1441370397742199968,0.9995013475418091
1441427427080105138,0.9898847118020058
1441451903544102130,0.9791328509648641
1441479222433270625,0.6347347597281138
1441784906596903562,0.9936547577381134
1441826415370043347,0.4308572666985648
1441879925573969192,0.000554889440536499
1441893226285802701,0.9985898236433665
1442015583333604650,-0.04806092381477356
1442055961623146362,0.1120054456922743
1442141374399053224,0.04945376515388489
1442141460459395359,0.6556392498314381
1442482387880070907,-0.2461826652288437
1442590703497248035,0.9964686334133148
1442658458178697457,0.9956220388412476
1443025979966719850,-0.3813724219799042
1443026397804317650,0.496242493391037
1443204441915018654,0.8956958850224813
1443205909437352758,0.9892661174138387
1443320584183352130,0.6084438860416412
1443320703732606988,0.9996305108070374
1443322399354085701,-0.9966738224029541
1443322408180031027,0.9827231168746948
1443322411695085508,0.9971162676811218
1443322412201561910,0.9980697631835938
1443322413518951009,-0.39308881759643555
1443322416795412494,0.9933751821517944
1443322417779285314,0.3315465251604716
1443322418467469371,0.9375548362731934
1443322420429506722,0.985159695148468
1443322424571517776,-0.9652937650680542
1443322424942285973,0.999381959438324
1443322425703480097,0.9997004270553589
1443322426149011842,0.9966138899326324
1443322426200208147,-0.9564208388328552
1443322428722798329,0.9972314834594727
1443322430382710606,-0.9929196238517761
1443322433880905598,0.9984284043312073
1443322435357300607,0.9992938339710236
1443322436724639866,0.985365629196167
1443322443689356837,0.004809379577636719
1443322461856296125,0.9830690920352936
1443324161557482881,0.9997363090515137
1443324167137317736,0.5575089454650879
1443324167677547107,0.9971760511398315
1443324178607525687,0.9990577697753906
1443324178738711171,-0.9693179130554199
1443324185022929992,0.9996391534805298
1443324185380888128,0.9995128810405731
1443324203957865357,0.9783316850662231
1443324210766359272,-0.011681556701660156
1443324228419277426,0.9996820092201233
1443324229676900245,0.89991694688797
1443324271285309676,-0.9003224670886993
1443324281710046823,0.9962560534477234
1443324284017619792,0.9367576837539673
1443324284332142604,0.9971773624420166
1443324302806450563,-0.9878385663032532
1443324307655776771,0.9737647771835327
1443324313021651195,0.9997770190238953
1443324599251113925,0.9994067549705505
1443324883233119556,0.9924009740352631
1443325367293128175,0.9787257313728333
1443325481114835006,0.9991834759712219
1443326036502980789,0.011787980794906616
1443326259437801491,0.9967449903488159
1443326262479881064,0.9885045289993286
1443326265473511188,0.9987150728702545
1443326271542840182,0.9997286796569824
1443327414146747255,-0.9392890334129333
1443327515317023509,-0.9602972865104675
1443327697909479346,-0.7942647635936737
1443329035794211261,0.9845764636993408
1443329124550426572,0.0007309317588806152
1443329999845007777,0.999426007270813
1443330026111098568,0.9582780599594116
1443330404198977478,-0.002445787191390991
1443392653431641958,0.7349777122338613
1444307243781904881,0.9529251456260681
1444471575125459009,0.6146960020065307
1444626587832957471,0.9818349599838256
1444851547299009042,0.11778151988983154
1445055879746439614,0.9996215105056763
1445367859531080898,0.09972453713417054
1445375272586019143,0.9983779191970825
1445377621143312756,-0.9146564900875092
1445443765791850323,0.9995552897453308
1445515609440218573,0.9990155696868896
1445638155500039698,0.017229825258255005
1445646543537710580,0.9983038902282715
1445827528911953622,-0.9889668226242065
1446025508740587589,0.9985692302385966
1446194121487870783,-0.9760178923606873
1446364525794877562,-0.8424167633056641
1446392718751353017,0.7341407537460327
1446419861342479888,0.9984379559755325
1447011866041238146,0.9954734841982523
1447114555983883725,-0.2471232031072889
1447169284149330658,0.7139924934932164
1447682334447494778,0.9967063367366791
1447723733351348697,0.7976975083351135
1448295496342335520,-0.8666579723358154
1448297174535987652,-0.35766154527664185
1449091990517076931,0.9907565514246622
1449261021987420090,0.9904603064060211
1449408024914807217,0.33936740954717
1449713623489678284,0.5746850023667017
1449803474085477971,0.07246507704257965
1449886166560734745,0.9966893196105957
1449933444780561264,0.998720645904541
1450059457900443401,-0.9240999221801758
1450085602489621867,0.9995437562465668
1450131192129580853,0.9983416080474854
1450168382311618267,0.41852904359499615
1450226132176484171,0.3337549368540446
1450431020018422586,0.5956705212593079
1450433598572144429,-0.31951721509297687
1450447880276671503,0.4993385225534439
1450583526445192872,0.9981976747512817
1450673627054399033,0.002543538808822632
1451240715670660958,0.9956680536270142
1451288455208857647,-0.9978232383728027
1451299256782678707,0.9793864488601685
1451885856476590244,-0.9990960359573364
1451917972237819233,-0.15460941857761806
1451926871388026800,0.9974020620187124
1452045788021497552,0.9923622012138367
1452087973315281334,0.5375940322875976
1452094937673986232,0.9887206554412842
1452185546396067795,-0.30149054527282715
1452218727486862137,0.8294414977232615
1452733479822065965,0.9989617466926575
1452799764879127360,0.9972490072250366
1453014184124238729,0.6637313266595205
1453344498909716852,-0.40572389960289
1453384971273741763,0.6573726137479147
1453596227612780553,0.8024664180619376
1454216276086879741,0.3889387622475624
1454304773508681065,0.9954306483268738
1454332934396150717,0.8733319044113159
1454355588793424663,0.47012723982334137
1454446932660257746,-0.174241304397583
1454624088093518738,0.9897094368934631
1454854494439715452,0.2305181622505188
1454894089388028132,0.9779468178749084
1454899544227031274,0.7972044348716736
1454901860638057144,0.005113780498504639
1454908802812155050,0.27967629830042523
1454910815560303862,0.9953556060791016
1454914849705147346,0.11458152532577515
1454916735165521327,-0.9980385303497314
1455557037858677516,0.9936956167221069
1455758988682186651,-0.9906374216079712
1455771951691815616,0.07511912286281586
1455899766369329277,0.8119819164276123
1456102229173586547,-0.1029442548751831
1456292171682279518,-0.9956507682800293
1456372868899496567,0.9884312152862549
1456458148469084132,0.9671677947044373
1456475057428187679,-0.9540021419525146
1456495587425538674,0.8979539672533671
1456582567029324560,0.9931696057319641
1456956331571306809,0.08142039179801941
1457174545751458092,0.9977026581764221
1457175299372430859,0.9917786717414856
1457228577464753619,0.9945400953292847
1457356187754490056,0.9975614377430507
1457778404971536768,0.33821407953898114
1457787803557351962,-0.9979349970817566
1457795310944920612,0.999638706445694
1457875545458849739,0.9867621064186096
1457961385287785177,-0.31833839416503906
1458093513734183323,-0.9681750535964966
1458122621247765494,0.9681260585784912
1458452849459318705,0.5202894045246972
1458463457693709383,0.3088168303171794
1458548686724601733,0.34455811977386475
1458888487899624701,0.3618616282939911
1458904754774662986,-0.48072437729154316
1458910245193020978,0.9979349076747894
1459126435450461921,0.9967125455538431
1459269566334081467,-0.4574833597455706
1459279455329581734,0.9991089105606079
1459328254627727687,0.9954927563667297
1459349670412624665,-0.05135256052017212
1459351243151196302,0.9996344149112701
1459679638010693259,0.9896815419197083
1460125920709374691,0.33130472898483276
1460327544601210474,0.4296107292175293
1460658619993026604,-0.8816764950752258
1460716795074878654,-0.9929082691669464
1460748959706648023,-0.8730072975158691
1460835859529923652,0.0020043551921844482
1460899093668029603,-0.7944772988557816
1461070178005083777,0.8147227764129639
1461109478730311651,-0.998346209526062
1461313517425081268,0.33128905296325684
1461400616444150636,0.9937618374824524
1461439532252085193,0.999671220779419
1461605982197871972,0.8803004821141561
1461616195318800574,0.9993234276771545
1461627226741557234,0.9985405206680298
1461642875097718495,0.9937863349914551
1461645705861807428,-0.2507511228322983
1461658262148092430,0.9581542313098907
1461721332586442496,0.9155665636062622
1461830797423851674,0.9972001115481058
1462110169745262487,-0.9985492825508118
1462117906445625405,0.9964852333068848
1462127900929702317,0.9922330975532532
1462131305157021481,0.018229812383651733
1462134754535837299,0.9904461205005646
1462137920071273357,0.9969592392444611
1462155452937587790,0.9962269067764282
1462182522942612047,-0.3364505370457967
1462217547607807844,-0.993914783000946
1462418642011883597,0.9471393674612045
1462470611485501959,0.918162077665329
1462503351469548539,-0.277648463845253
1462561194059742716,0.9881100654602051
1462875458436792418,0.9957389831542969
1462920855041502886,0.019260883331298828
1463263812721560532,-0.9979214668273926
1463294675046835661,0.9909816980361938
1463294812214641633,0.19866499900817872
1463294832190990013,0.16693872213363647
1463294858487662509,-0.9818667471408844
1463294929966471425,0.9952195485432943
1463294930610669556,0.282953143119812
1463295980771943946,0.9994203448295593
1463296130218675035,-0.21172267198562622
1463296161878030964,0.9996604919433594
1463296991571983749,0.9996659457683563
1463297006963224688,0.998720645904541
1463651723977825329,0.9983779191970825
1463690584192084416,0.0520348846912384
1463894891422276313,0.9996543526649475
1464549538517301751,0.05351054668426514
1464627928331978698,0.9935100376605988
1465088439253157794,0.9926527738571167
1465350977302439550,0.0011239945888519287
1465397783691264111,0.3388821482658386
1465420248232248806,-0.20206218361854553
1465497811098222230,0.007739543914794922
1465685247523065621,0.5474497199058532
1465685659107460043,0.002717435359954834
1465760973939696264,0.2750954230626424
1465767849952809405,-0.9758754968643188
1465893981552214283,0.9413298964500427
1465926972722792537,-0.9829921722412109
1465958227981958695,-0.9787124991416931
1466001512277391139,-0.3324353098869324
1466394500551394564,0.844275712966919
1466440923172149516,-0.5934737920761108
1466502012128623515,-0.966139167547226
1466652698273130699,0.22286679744720458
1466744497925292206,0.9954028725624084
1466803952105352236,0.9929803609848022
1466811191448595256,0.001266568899154663
1466814740163144080,0.994017481803894
1466830411537757356,0.9956735372543335
1467287759197254493,0.11858300864696503
1467617550980197060,0.9966273307800293
1467622681485067139,0.998912900686264
1467850861002347468,0.49762168526649475
1467875972305939531,0.9091418087482452
1467885567061623870,0.42276813586552936
1467920063620726826,0.9994913935661316
1467946421257894087,0.9909726977348328
1467976262426438508,0.9991203546524048
1467982859687429855,0.996300458908081
1468023859917220553,0.15728466851370676
1468201389692670491,0.20404015779495238
1468203405313689211,-0.028864383697509766
1468204910344644954,0.9935030341148376
1468332201947887185,0.9702470302581787
1468832232918817916,0.9748606383800507
1468974621814575779,-0.9498460292816162
1469346899782606672,-0.2390946845213572
1469508122939587308,0.9983779191970825
1469525586389396424,-0.9990668296813965
1469587327764793303,-0.984074592590332
1470091501318013319,-0.9523869156837463
1470220279208751396,0.26363784074783325
1470243719478377686,0.9987674355506897
1470304882965069779,0.997933049996694
1470340859411711017,0.9911440014839172
1470411344802877948,0.8313594361146291
1470797839141084884,0.9817781448364258
1470840586213499518,-0.9969117045402527
1471530781667454672,0.33370445171991986
1471604380339825584,-0.25063513219356537
1471605931056305218,0.3113958239555359
1472008961764006513,-0.9714642763137817
1472261826731019375,0.99742791056633
1472271299879478178,-0.03931620717048645
1472473802792531833,0.982944389184316
1472503629136366473,0.005726069211959839
1472522509400323577,0.05411110520362854
1473075004757975925,0.3135300676027934
1473088350552016070,0.38272573550542194
1473146625840606018,0.357169230779012
1473169251428761665,0.9996379613876343
1473676775985450833,0.0002409517765045166
1473677117553608657,-0.8862617611885071
1473688655471443603,0.977316677570343
1473693625383329973,0.31655973196029663
1473697741671700793,0.9997397065162659
1473731570335807258,0.9992212057113647
1473865746773577115,0.9955660104751587
1473908776287588704,0.3330539067586263
1473924343853260801,0.13427903652191162
1474347125288414214,-0.9982690215110779
1474406985430412298,0.9996829628944397
1474824290309517779,-0.8847130537033081
1475247380995337199,0.9889686504999796
1475301843969372770,0.9441919922828674
1475303776582160471,-0.2553499970171187
1475393818746409217,0.9506961703300476
1475894901361942468,0.5808133840560913
1475906358338311313,-0.016306072473526
1475908798874277285,0.9994975328445435
1476044881852341805,0.9587238430976868
1476549991938441952,-0.9972512125968933
1476559876750342856,0.9979788661003113
1476576333939097346,-0.9940733909606934
1476787392432233661,0.14813071489334106
1476792608642812131,0.9935890436172485
1476810457927833535,0.9990403652191162
1476953183027198442,0.9973057806491852
1476980126278794643,0.7749640345573425
1476998889735249459,0.31207482020060223
1477256702388103830,0.9997270107269287
1477278163834451295,-0.9420811533927917
1477341002206559758,-0.9800404906272888
1477415333790816410,-0.46155503392219543
1477428798694820843,0.9990179538726807
1477430700067541428,-0.9945510029792786
1477452862521607345,0.9509641528129578
1477512720964383197,-0.8673515915870667
1477587186366353367,-0.961895227432251
1477642398606297939,0.9992465078830719
1477814931550525929,0.21235177914301553
1477829384111500232,0.3039693236351013
1477833184438570489,0.6692336897055308
1477836665791512946,0.8743984699249268
1477849201069462725,0.3749958319323404
1478036828029426155,0.9989674687385559
1478113100290542812,-0.454023540019989
1478223330916929236,0.23408260941505432
1478322117364566037,0.020993977785110474
1478429342132051547,0.9869884848594666
1478721312301588390,0.9995406866073608
1478756778089581954,0.9992386897404989
1478829626810475283,0.0013104081153869629
1478843769351395639,0.9142123460769653
1478898713216507581,-0.9889663457870483
1478914236110264459,0.4854731261730194
1478924267403583124,-0.6491770595312119
1478971935116628091,-0.9671139717102051
1479391292899805377,0.9983779191970825
1479395169981591318,0.9997363090515137
1479435470741445830,0.9909260869026184
1479724424337380866,-0.9519098997116089
1480169158485429376,0.322597861289978
1480206193240687514,0.31762194633483887
1480235419403395855,0.9941767454147339
1480393620597132513,-0.9907229542732239
1480927188408885705,0.8407271578907967
1480976917044629498,0.9854125678539276
1481063499009388066,-0.9967045783996582
1481080401734591371,0.29071207841237384
1481531960288919549,0.9832179546356201
1481604275518621651,-0.11817514896392822
1481652100036120903,0.001008063554763794
1481693535579565049,0.3858903447786967
1481702631789260087,0.976582944393158
1481705185641757433,-0.4948030263185501
1481718633198342286,0.9967074394226074
1481841282198302636,0.6832160949707031
1482032901777062880,-0.9279730319976807
1482103858245551616,0.9902448058128357
1482344969295517849,-0.9921262860298157
1482436885886138615,0.5539950132369995
1482454107011713027,0.9954565763473511
1482506993695896094,0.9925447702407837
1482638737550632818,0.9642724394798279
1483063428039676555,0.9979644815127054
1483146456554288149,0.9997522830963135
1483298363744981770,-0.9697321355342865
1483600436236901772,0.9953271746635437
1483634982648054742,-0.00010517984628677368
1483940625656021346,-0.4658111184835434
1484547848945429151,0.3137816786766052
1484787941757376110,-0.39702479044596356
1484934431687404102,0.9888274868329366
1484941981169576537,0.9959192872047424
1484962703796095433,-0.014079451560974121
1484965944389527182,0.9124035835266113
1485516735869345764,-0.9953195154666901
1485756226448547090,0.9994837641716003
1485972376584480308,0.3437953193982442
1485994244429775199,-0.995062381029129
1486002100327790035,-0.7422887980937958
1486020019481883540,-0.981981098651886
1486050244120035858,0.9815861582756042
1486122646521083561,0.9964664578437805
1486123722204198368,-0.9947500228881836
1486124862133790274,-0.9942143559455872
1486220632302902205,0.9704391360282898
1486315619377877415,-0.9463133811950684
1486324710379850374,0.9986600279808044
1486333036603670591,0.9796051681041718
1486807586946115813,-0.9048911333084106
1486832333517933332,0.9973695874214172
1486833972388276502,0.009525686502456665
1486850320534789221,0.9997477531433105
1486852170157200886,0.9964431524276733
1486858774752239008,-0.9927367568016052
1487401750380525546,0.9647123515605927
1487409851002755349,0.9709801077842712
1487453443985822381,0.9838598370552063
1488137884493113066,-0.9839126467704773
1488318039399525060,0.8979906439781189
1488341889156084440,-0.9912891387939453
1488366528117917561,-0.8275284171104431
1488375879115936976,0.9978702366352081
1488476067105019101,0.9993032813072205
1488872761196023435,0.015069574117660522
1488892489534022461,0.972966730594635
1488992735846581349,0.9976657629013062
1489547493211733251,-0.9981295466423035
1489594324274492158,0.999426007270813
1489961390777912800,0.9909726977348328
1490620585425313063,-0.9947919249534607
1490638255259161759,-0.6774577498435974
1490656819210032454,0.9971980055173238
1490656976207570595,-0.9995396733283997
1491058850016097880,0.9972051382064819
1491065532833893311,0.9988530576229095
1491153352518871545,0.9940434694290161
1491194723421677583,-0.9992111325263977
1491276860568108094,-0.8802610635757446
1491300721422736745,-0.9954850673675537
1491741638321211624,0.992548942565918
1491765390694670968,-0.824743390083313
1491782603138089380,-0.0004318058490753174
1491929637621103438,0.9993927478790283
1491961904561485658,0.998107522726059
1491968144823490795,0.9993610382080078
1492455176201912481,0.9846491813659668
1492726275754594841,0.9823072552680969
1494038859712135177,0.9992840886116028
1497643208657645047,0.9996872544288635
1497951550866874962,0.992368757724762
1498001709803798976,0.998344898223877
1498624929228055120,0.9984697699546814
1499407993863882459,-0.9661770462989807
1499418555667970848,-0.9547737240791321
1499999054255784747,0.5999907851219177
1503391947703863482,-0.970320999622345
1504523688191859419,-0.6840916275978088
